V_ID,birth,death,persistence
V_0002,17,33,17
V_0003,18,20,3
V_0004,19,20,2
V_0005,19,19,1
V_0006,19,46,28
V_0007,19,266,248
V_0008,20,26,7
V_0009,20,25,6
V_0010,20,23,4
V_0011,20,23,4
V_0012,20,25,6
V_0013,20,20,1
V_0014,20,27,8
V_0015,20,21,2
V_0016,20,26,7
V_0017,20,21,2
V_0018,20,43,24
V_0019,20,20,1
V_0020,20,38,19
V_0021,20,21,2
V_0022,21,814,794
V_0023,21,38,18
V_0024,21,32,12
V_0025,21,26,6
V_0026,21,30,10
V_0027,21,36,16
V_0028,21,34,14
V_0029,21,30,10
V_0031,21,27,7
V_0032,21,39,19
V_0033,21,814,794
V_0035,21,709,689
V_0036,21,24,4
V_0037,21,32,12
V_0038,21,814,794
V_0039,21,29,9
V_0040,21,40,20
V_0042,21,30,10
V_0043,21,23,3
V_0044,21,25,5
V_0045,21,31,11
V_0046,21,39,19
V_0047,21,31,11
V_0048,21,814,794
V_0049,21,116,96
V_0050,21,32,12
V_0051,21,22,2
V_0052,21,23,3
V_0053,21,21,1
V_0054,21,27,7
V_0055,21,814,794
V_0056,21,32,12
V_0057,21,23,3
V_0058,21,21,1
V_0059,21,30,10
V_0060,21,23,3
V_0061,21,23,3
V_0062,21,36,16
V_0063,21,34,14
V_0064,21,22,2
V_0065,21,25,5
V_0066,21,814,794
V_0067,21,30,10
V_0068,21,41,21
V_0069,21,43,23
V_0070,22,26,5
V_0071,22,25,4
V_0072,22,27,6
V_0073,22,27,6
V_0074,22,814,793
V_0075,22,27,6
V_0076,22,33,12
V_0077,22,33,12
V_0078,22,68,47
V_0079,22,35,14
V_0080,22,23,2
V_0082,22,41,20
V_0083,22,26,5
V_0084,22,54,33
V_0085,22,25,4
V_0086,22,25,4
V_0087,22,61,40
V_0088,22,27,6
V_0089,22,24,3
V_0090,22,34,13
V_0091,22,25,4
V_0092,22,58,37
V_0093,22,24,3
V_0094,22,22,1
V_0095,22,40,19
V_0096,22,29,8
V_0097,22,26,5
V_0098,22,26,5
V_0099,22,814,793
V_0100,22,24,3
V_0101,22,814,793
V_0102,22,30,9
V_0103,22,30,9
V_0105,22,23,2
V_0107,22,814,793
V_0108,22,814,793
V_0109,22,22,1
V_0110,22,24,3
V_0111,22,22,1
V_0112,22,24,3
V_0113,22,27,6
V_0114,22,24,3
V_0115,22,53,32
V_0116,22,27,6
V_0117,22,36,15
V_0118,22,31,10
V_0119,22,22,1
V_0120,22,43,22
V_0121,22,46,25
V_0122,22,31,10
V_0123,22,25,4
V_0124,22,23,2
V_0125,22,29,8
V_0126,22,25,4
V_0127,22,24,3
V_0128,22,27,6
V_0129,22,23,2
V_0130,22,22,1
V_0131,22,30,9
V_0132,22,31,10
V_0133,22,814,793
V_0135,22,47,26
V_0136,22,22,1
V_0137,22,25,4
V_0138,22,33,12
V_0139,22,36,15
V_0140,22,25,4
V_0141,22,47,26
V_0142,22,814,793
V_0143,22,30,9
V_0144,22,27,6
V_0145,22,34,13
V_0147,22,22,1
V_0148,22,22,1
V_0149,22,24,3
V_0150,22,22,1
V_0151,22,22,1
V_0152,22,22,1
V_0153,22,33,12
V_0154,22,33,12
V_0155,22,814,793
V_0156,22,47,26
V_0157,22,33,12
V_0158,22,33,12
V_0159,22,24,3
V_0160,22,55,34
V_0161,22,33,12
V_0162,22,33,12
V_0163,22,24,3
V_0164,22,26,5
V_0165,22,24,3
V_0166,22,22,1
V_0167,22,23,2
V_0168,22,22,1
V_0170,23,26,4
V_0171,23,30,8
V_0172,23,27,5
V_0173,23,26,4
V_0174,23,36,14
V_0175,23,25,3
V_0176,23,35,13
V_0180,23,25,3
V_0181,23,24,2
V_0182,23,53,31
V_0183,23,32,10
V_0184,23,24,2
V_0185,23,28,6
V_0186,23,24,2
V_0187,23,24,2
V_0188,23,37,15
V_0189,23,27,5
V_0190,23,814,792
V_0191,23,25,3
V_0193,23,25,3
V_0195,23,28,6
V_0196,23,59,37
V_0198,23,29,7
V_0200,23,23,1
V_0202,23,33,11
V_0203,23,814,792
V_0205,23,31,9
V_0206,23,24,2
V_0207,23,24,2
V_0208,23,30,8
V_0209,23,37,15
V_0210,23,27,5
V_0211,23,32,10
V_0212,23,109,87
V_0213,23,25,3
V_0214,23,31,9
V_0215,23,25,3
V_0216,23,30,8
V_0217,23,28,6
V_0218,23,24,2
V_0219,23,23,1
V_0220,23,26,4
V_0221,23,23,1
V_0222,23,25,3
V_0223,23,31,9
V_0224,23,41,19
V_0225,23,27,5
V_0226,23,27,5
V_0227,23,23,1
V_0228,23,27,5
V_0229,23,29,7
V_0230,23,55,33
V_0231,23,28,6
V_0233,23,32,10
V_0234,23,42,20
V_0235,23,27,5
V_0236,23,33,11
V_0237,23,25,3
V_0238,23,36,14
V_0239,23,42,20
V_0240,23,24,2
V_0241,23,34,12
V_0242,23,25,3
V_0243,23,23,1
V_0244,23,26,4
V_0245,23,23,1
V_0246,23,27,5
V_0247,23,30,8
V_0248,23,33,11
V_0249,23,245,223
V_0250,23,23,1
V_0251,23,45,23
V_0252,23,23,1
V_0253,23,32,10
V_0254,23,268,246
V_0255,23,26,4
V_0256,23,58,36
V_0257,23,52,30
V_0258,23,36,14
V_0259,23,28,6
V_0260,23,59,37
V_0261,23,25,3
V_0262,23,31,9
V_0263,23,27,5
V_0264,23,31,9
V_0265,23,33,11
V_0266,23,23,1
V_0267,23,37,15
V_0268,23,42,20
V_0269,23,45,23
V_0270,23,27,5
V_0271,23,23,1
V_0272,23,31,9
V_0273,23,29,7
V_0274,23,26,4
V_0275,23,28,6
V_0276,23,32,10
V_0277,23,31,9
V_0278,23,39,17
V_0279,23,35,13
V_0280,23,814,792
V_0281,23,35,13
V_0282,23,34,12
V_0283,23,30,8
V_0284,23,24,2
V_0285,23,25,3
V_0286,23,27,5
V_0287,23,38,16
V_0288,23,814,792
V_0289,23,25,3
V_0290,23,34,12
V_0291,23,34,12
V_0292,23,33,11
V_0293,23,30,8
V_0294,23,31,9
V_0295,23,28,6
V_0296,23,23,1
V_0297,23,25,3
V_0298,23,45,23
V_0299,23,23,1
V_0300,24,27,4
V_0302,24,25,2
V_0303,24,27,4
V_0304,24,26,3
V_0305,24,56,33
V_0306,24,24,1
V_0307,24,26,3
V_0308,24,28,5
V_0309,24,27,4
V_0310,24,25,2
V_0311,24,37,14
V_0312,24,25,2
V_0313,24,28,5
V_0314,24,26,3
V_0315,24,25,2
V_0316,24,32,9
V_0318,24,27,4
V_0319,24,26,3
V_0320,24,26,3
V_0321,24,36,13
V_0322,24,29,6
V_0323,24,37,14
V_0324,24,30,7
V_0325,24,36,13
V_0326,24,814,791
V_0327,24,814,791
V_0329,24,27,4
V_0331,24,54,31
V_0332,24,32,9
V_0333,24,35,12
V_0334,24,28,5
V_0335,24,29,6
V_0336,24,27,4
V_0337,24,32,9
V_0338,24,25,2
V_0339,24,814,791
V_0340,24,28,5
V_0341,24,32,9
V_0342,24,42,19
V_0343,24,24,1
V_0344,24,31,8
V_0345,24,33,10
V_0346,24,814,791
V_0347,24,814,791
V_0348,24,36,13
V_0349,24,40,17
V_0350,24,28,5
V_0351,24,31,8
V_0352,24,26,3
V_0354,24,31,8
V_0355,24,39,16
V_0356,24,35,12
V_0357,24,34,11
V_0358,24,36,13
V_0359,24,33,10
V_0360,24,33,10
V_0361,24,27,4
V_0362,24,39,16
V_0363,24,814,791
V_0364,24,30,7
V_0365,25,43,19
V_0366,25,30,6
V_0367,25,95,71
V_0368,25,28,4
V_0369,25,27,3
V_0370,25,44,20
V_0371,25,29,5
V_0372,25,39,15
V_0373,25,70,46
V_0374,25,26,2
V_0375,25,55,31
V_0376,25,41,17
V_0377,25,25,1
V_0378,25,31,7
V_0379,25,36,12
V_0380,25,25,1
V_0381,25,35,11
V_0382,25,25,1
V_0383,26,47,22
V_0384,26,37,12
V_0385,26,27,2
V_0386,26,30,5
V_0387,26,27,2
V_0388,26,35,10
V_0389,26,29,4
V_0390,27,31,5
V_0391,27,41,15
V_0392,27,37,11
V_0393,28,44,17
V_0394,79,814,736
V_0395,83,84,2
V_0396,89,347,259
V_0397,90,90,1
V_0398,96,105,10
V_0399,96,101,6
V_0400,97,814,718
V_0401,98,101,4
V_0402,99,99,1
V_0403,100,814,715
V_0405,101,105,5
V_0406,102,814,713
V_0407,103,103,1
V_0408,104,205,102
V_0409,104,106,3
V_0410,105,140,36
V_0411,108,814,707
V_0412,109,119,11
V_0413,109,112,4
V_0415,109,814,706
V_0416,109,113,5
V_0417,111,111,1
V_0418,111,124,14
V_0419,111,117,7
V_0420,112,116,5
V_0421,112,130,19
V_0422,112,124,13
V_0423,113,814,702
V_0424,113,113,1
V_0425,115,814,700
V_0426,117,176,60
V_0427,118,124,7
V_0428,118,120,3
V_0429,118,144,27
V_0431,119,132,14
V_0432,119,130,12
V_0433,123,814,692
V_0434,124,130,7
V_0435,125,814,690
V_0436,125,130,6
V_0437,130,136,7
V_0438,131,148,18
V_0439,133,141,9
V_0440,136,814,679
V_0441,138,814,677
V_0442,138,139,2
V_0443,142,144,3
V_0444,143,143,1
V_0446,145,149,5
V_0447,145,814,670
V_0448,146,154,9
V_0449,147,154,8
V_0451,148,158,11
V_0452,150,162,13
V_0453,151,814,664
V_0454,152,814,663
V_0455,153,164,12
V_0456,155,159,5
V_0457,156,186,31
V_0458,157,163,7
V_0460,159,167,9
V_0461,160,165,6
V_0462,163,180,18
V_0464,167,177,11
V_0465,167,222,56
V_0466,168,814,647
V_0467,174,188,15
V_0468,176,433,258
V_0469,178,178,1
V_0470,179,181,3
V_0471,180,194,15
V_0472,181,814,634
V_0473,186,814,629
V_0474,191,206,16
V_0475,194,814,621
V_0476,194,226,33
V_0477,195,198,4
V_0478,195,197,3
V_0479,198,212,15
V_0480,198,814,617
V_0481,205,212,8
V_0482,209,814,606
V_0483,210,213,4
V_0484,214,219,6
V_0485,214,232,19
V_0486,214,814,601
V_0487,216,217,2
V_0488,223,231,9
V_0489,226,232,7
V_0490,228,228,1
V_0491,228,248,21
V_0492,229,238,10
V_0493,231,814,584
V_0494,238,814,577
V_0495,243,246,4
V_0496,250,814,565
V_0497,251,251,1
V_0498,259,814,556
V_0499,262,271,10
V_0500,263,266,4
V_0501,266,276,11
V_0502,267,268,2
V_0503,268,272,5
V_0504,268,277,10
V_0505,269,279,11
V_0506,270,274,5
V_0507,271,273,3
V_0508,271,275,5
V_0509,272,275,4
V_0510,273,284,12
V_0511,273,814,542
V_0512,273,273,1
V_0513,273,277,5
V_0514,273,274,2
V_0515,274,276,3
V_0516,276,293,18
V_0517,277,280,4
V_0518,277,814,538
V_0519,280,280,1
V_0520,281,814,534
V_0521,282,286,5
V_0522,283,338,56
V_0523,284,284,1
V_0524,284,291,8
V_0525,285,814,530
V_0526,286,299,14
V_0527,286,289,4
V_0528,286,288,3
V_0529,287,814,528
V_0530,289,293,5
V_0531,290,814,525
V_0532,291,293,3
V_0533,294,294,1
V_0534,297,814,518
V_0535,299,303,5
V_0536,305,311,7
V_0537,329,329,1
V_0538,349,361,13
V_0540,356,814,459
V_0541,359,380,22
V_0542,363,373,11
V_0543,363,814,452
V_0544,363,364,2
V_0545,368,370,3
V_0546,369,369,1
V_0547,370,376,7
V_0548,370,814,445
V_0549,371,377,7
V_0550,371,814,444
V_0551,372,814,443
V_0552,373,386,14
V_0553,374,375,2
V_0554,374,377,4
V_0555,375,396,22
V_0556,376,379,4
V_0557,377,387,11
V_0558,378,814,437
V_0559,378,386,9
V_0561,379,383,5
V_0562,380,383,4
V_0563,381,814,434
V_0564,381,594,214
V_0565,382,385,4
V_0566,382,383,2
V_0567,382,389,8
V_0568,383,814,432
V_0569,383,384,2
V_0570,385,387,3
V_0571,389,814,426
V_0572,390,394,5
V_0573,391,814,424
V_0574,393,398,6
V_0575,399,814,416
V_0576,432,814,383
V_0577,435,436,2
V_0578,436,436,1
V_0580,436,516,81
V_0581,436,437,2
V_0582,437,814,378
V_0583,438,460,23
V_0584,438,814,377
V_0585,438,492,55
V_0586,438,438,1
V_0587,438,540,103
V_0588,439,444,6
V_0589,439,473,35
V_0590,440,443,4
V_0591,440,443,4
V_0592,440,442,3
V_0593,441,814,374
V_0595,441,442,2
V_0596,442,448,7
V_0597,442,442,1
V_0598,442,454,13
V_0599,442,814,373
V_0600,442,455,14
V_0601,442,446,5
V_0602,442,444,3
V_0603,443,814,372
V_0604,443,463,21
V_0605,443,474,32
V_0606,443,814,372
V_0607,444,814,371
V_0608,444,461,18
V_0609,444,449,6
V_0610,444,445,2
V_0611,444,444,1
V_0612,444,445,2
V_0613,444,450,7
V_0614,444,452,9
V_0615,445,496,52
V_0616,445,459,15
V_0617,445,447,3
V_0618,445,448,4
V_0619,445,446,2
V_0620,445,458,14
V_0621,445,814,370
V_0622,446,814,369
V_0623,446,454,9
V_0624,446,446,1
V_0625,446,449,4
V_0626,446,814,369
V_0627,446,458,13
V_0628,447,465,19
V_0629,447,450,4
V_0630,447,814,368
V_0631,447,459,13
V_0632,447,448,2
V_0633,447,460,14
V_0634,447,814,368
V_0635,447,456,10
V_0636,448,451,4
V_0637,448,814,367
V_0638,448,460,13
V_0639,449,463,15
V_0640,449,451,3
V_0641,449,459,11
V_0642,449,480,32
V_0643,449,466,18
V_0644,449,454,6
V_0645,449,450,2
V_0646,450,456,7
V_0647,450,454,5
V_0648,450,814,365
V_0649,451,814,364
V_0651,451,814,364
V_0653,451,814,364
V_0654,451,814,364
V_0656,452,454,3
V_0657,453,814,362
V_0658,453,463,11
V_0659,453,458,6
V_0660,453,461,9
V_0661,454,454,1
V_0663,455,814,360
V_0664,455,461,7
V_0665,455,460,6
V_0666,456,456,1
V_0667,456,458,3
V_0668,456,463,8
V_0669,456,469,14
V_0670,456,457,2
V_0671,457,522,66
V_0672,458,780,323
V_0673,458,472,15
V_0674,458,459,2
V_0675,458,459,2
V_0676,458,814,357
V_0677,459,814,356
V_0678,459,814,356
V_0679,460,489,30
V_0680,460,463,4
V_0681,461,814,354
V_0682,463,465,3
V_0683,464,464,1
V_0684,464,814,351
V_0685,465,469,5
V_0686,465,476,12
V_0687,468,471,4
V_0688,468,469,2
V_0689,469,475,7
V_0690,470,480,11
V_0691,470,814,345
V_0692,471,471,1
V_0693,487,487,1
V_0694,488,491,4
V_0695,490,498,9
V_0696,490,814,325
V_0697,490,500,11
V_0698,491,498,8
V_0699,491,493,3
V_0700,491,494,4
V_0701,491,500,10
V_0702,492,503,12
V_0704,493,814,322
V_0705,493,493,1
V_0706,493,497,5
V_0707,493,814,322
V_0708,494,509,16
V_0709,494,509,16
V_0710,494,814,321
V_0711,494,814,321
V_0712,494,519,26
V_0713,494,509,16
V_0714,495,496,2
V_0715,495,498,4
V_0716,495,495,1
V_0717,496,507,12
V_0718,496,814,319
V_0720,496,508,13
V_0721,496,502,7
V_0722,496,496,1
V_0723,497,497,1
V_0724,497,814,318
V_0725,497,505,9
V_0726,497,814,318
V_0727,498,498,1
V_0728,498,502,5
V_0729,498,724,227
V_0730,498,498,1
V_0731,499,814,316
V_0732,499,507,9
V_0733,499,501,3
V_0734,499,500,2
V_0735,499,499,1
V_0736,499,501,3
V_0737,499,505,7
V_0738,499,513,15
V_0739,500,513,14
V_0740,500,514,15
V_0741,500,514,15
V_0742,501,503,3
V_0743,501,814,314
V_0744,501,505,5
V_0745,501,814,314
V_0746,501,505,5
V_0747,501,814,314
V_0748,501,509,9
V_0749,501,514,14
V_0750,502,507,6
V_0751,502,511,10
V_0752,502,508,7
V_0753,502,513,12
V_0754,502,503,2
V_0755,502,508,7
V_0756,503,503,1
V_0757,503,505,3
V_0758,503,504,2
V_0759,503,814,312
V_0760,503,506,4
V_0761,503,513,11
V_0762,504,814,311
V_0763,504,512,9
V_0764,504,520,17
V_0765,504,516,13
V_0766,504,539,36
V_0767,505,814,310
V_0768,505,520,16
V_0769,505,509,5
V_0770,505,506,2
V_0771,505,505,1
V_0772,505,519,15
V_0773,506,511,6
V_0774,506,510,5
V_0775,506,508,3
V_0776,506,513,8
V_0777,506,512,7
V_0778,506,515,10
V_0779,506,523,18
V_0780,506,510,5
V_0781,506,511,6
V_0782,506,528,23
V_0783,507,507,1
V_0784,507,814,308
V_0785,507,814,308
V_0786,507,527,21
V_0787,507,513,7
V_0788,508,509,2
V_0789,508,511,4
V_0790,508,511,4
V_0791,508,515,8
V_0792,508,542,35
V_0793,509,814,306
V_0794,509,509,1
V_0795,509,517,9
V_0797,509,509,1
V_0798,509,515,7
V_0799,509,512,4
V_0800,509,521,13
V_0801,509,517,9
V_0802,509,520,12
V_0803,509,513,5
V_0804,510,519,10
V_0805,510,511,2
V_0806,510,521,12
V_0807,510,511,2
V_0808,510,515,6
V_0809,510,513,4
V_0810,511,511,1
V_0811,511,814,304
V_0813,511,814,304
V_0814,511,513,3
V_0815,511,515,5
V_0816,512,515,4
V_0817,512,523,12
V_0818,512,814,303
V_0819,512,529,18
V_0820,512,513,2
V_0821,513,526,14
V_0822,513,514,2
V_0823,513,814,302
V_0824,513,518,6
V_0825,513,513,1
V_0826,513,519,7
V_0828,514,519,6
V_0829,514,533,20
V_0830,514,530,17
V_0831,514,814,301
V_0832,514,814,301
V_0833,515,525,11
V_0834,515,525,11
V_0835,515,517,3
V_0836,515,814,300
V_0837,515,814,300
V_0838,515,814,300
V_0839,515,520,6
V_0840,515,814,300
V_0841,515,517,3
V_0842,516,527,12
V_0843,516,814,299
V_0844,516,814,299
V_0845,516,517,2
V_0846,516,523,8
V_0847,517,540,24
V_0848,517,548,32
V_0849,517,814,298
V_0850,517,524,8
V_0851,517,814,298
V_0852,518,814,297
V_0853,519,528,10
V_0854,519,531,13
V_0855,520,529,10
V_0856,520,525,6
V_0857,520,538,19
V_0858,520,525,6
V_0859,523,526,4
V_0860,523,533,11
V_0861,525,814,290
V_0862,525,814,290
V_0863,526,814,289
V_0864,532,534,3
V_0865,550,721,172
V_0866,552,631,80
V_0867,555,555,1
V_0868,558,558,1
V_0869,558,562,5
V_0870,560,575,16
V_0871,560,814,255
V_0872,561,814,254
V_0873,561,575,15
V_0874,562,568,7
V_0875,562,571,10
V_0876,562,814,253
V_0877,563,568,6
V_0878,563,568,6
V_0879,563,569,7
V_0880,563,577,15
V_0881,563,610,48
V_0882,563,814,252
V_0883,563,564,2
V_0884,563,814,252
V_0885,563,573,11
V_0886,563,814,252
V_0887,564,566,3
V_0888,564,566,3
V_0889,564,564,1
V_0890,564,571,8
V_0891,564,814,251
V_0892,564,814,251
V_0893,564,573,10
V_0894,564,571,8
V_0895,564,569,6
V_0896,564,566,3
V_0897,564,567,4
V_0898,564,570,7
V_0899,564,814,251
V_0900,564,565,2
V_0901,564,571,8
V_0902,564,575,12
V_0903,564,578,15
V_0904,564,814,251
V_0905,565,814,250
V_0906,565,566,2
V_0909,565,565,1
V_0910,565,567,3
V_0911,565,680,116
V_0912,565,565,1
V_0913,565,573,9
V_0914,565,577,13
V_0915,565,576,12
V_0916,565,814,250
V_0917,565,571,7
V_0918,565,576,12
V_0919,565,588,24
V_0920,565,568,4
V_0921,565,567,3
V_0924,565,577,13
V_0925,565,814,250
V_0926,565,569,5
V_0927,565,571,7
V_0928,565,576,12
V_0929,565,573,9
V_0930,565,814,250
V_0931,565,569,5
V_0932,565,570,6
V_0933,565,571,7
V_0934,565,574,10
V_0935,565,569,5
V_0936,565,573,9
V_0937,566,576,11
V_0939,566,814,249
V_0940,566,585,20
V_0941,566,582,17
V_0942,566,814,249
V_0943,566,814,249
V_0944,566,573,8
V_0945,566,573,8
V_0946,566,814,249
V_0948,566,814,249
V_0950,566,814,249
V_0951,566,814,249
V_0952,566,569,4
V_0953,566,814,249
V_0954,566,751,186
V_0955,566,572,7
V_0956,566,571,6
V_0957,566,572,7
V_0958,566,577,12
V_0959,566,569,4
V_0960,566,566,1
V_0961,566,814,249
V_0962,566,576,11
V_0963,566,567,2
V_0964,566,814,249
V_0965,566,568,3
V_0966,566,573,8
V_0967,566,566,1
V_0968,566,575,10
V_0969,566,575,10
V_0970,566,566,1
V_0971,566,566,1
V_0972,566,567,2
V_0973,566,577,12
V_0974,566,569,4
V_0975,566,601,36
V_0976,566,569,4
V_0977,566,567,2
V_0978,566,580,15
V_0979,566,569,4
V_0980,566,577,12
V_0981,566,567,2
V_0982,566,567,2
V_0983,566,567,2
V_0984,566,567,2
V_0985,566,567,2
V_0986,567,568,2
V_0988,567,567,1
V_0989,567,574,8
V_0990,567,814,248
V_0991,567,574,8
V_0992,567,582,16
V_0993,567,568,2
V_0994,567,570,4
V_0995,567,569,3
V_0998,567,575,9
V_0999,567,587,21
V_1000,567,574,8
V_1001,567,572,6
V_1002,567,814,248
V_1003,567,578,12
V_1004,567,570,4
V_1005,567,568,2
V_1006,567,571,5
V_1007,567,567,1
V_1008,567,567,1
V_1009,567,576,10
V_1010,567,582,16
V_1011,567,574,8
V_1012,567,575,9
V_1013,567,568,2
V_1014,567,814,248
V_1015,567,573,7
V_1016,567,605,39
V_1017,567,568,2
V_1018,567,571,5
V_1019,567,567,1
V_1021,568,572,5
V_1023,568,575,8
V_1024,568,571,4
V_1025,568,568,1
V_1026,568,576,9
V_1027,568,573,6
V_1028,568,570,3
V_1029,568,569,2
V_1030,568,573,6
V_1031,568,814,247
V_1032,568,814,247
V_1033,568,589,22
V_1034,568,569,2
V_1035,568,814,247
V_1036,568,814,247
V_1037,568,569,2
V_1038,568,570,3
V_1039,568,814,247
V_1040,568,581,14
V_1041,568,572,5
V_1042,568,814,247
V_1043,568,814,247
V_1044,568,571,4
V_1045,568,569,2
V_1046,568,579,12
V_1047,568,814,247
V_1048,569,767,199
V_1049,569,814,246
V_1050,569,578,10
V_1051,569,573,5
V_1052,569,814,246
V_1053,569,571,3
V_1054,569,577,9
V_1055,569,814,246
V_1056,569,578,10
V_1057,569,585,17
V_1058,569,570,2
V_1060,569,571,3
V_1061,569,573,5
V_1062,569,579,11
V_1063,570,572,3
V_1064,570,584,15
V_1065,570,570,1
V_1066,570,581,12
V_1067,570,576,7
V_1068,571,575,5
V_1069,571,814,244
V_1070,571,587,17
V_1071,571,582,12
V_1072,571,574,4
V_1073,571,814,244
V_1074,571,572,2
V_1075,571,574,4
V_1076,572,577,6
V_1077,572,583,12
V_1078,572,814,243
V_1079,572,573,2
V_1080,572,583,12
V_1081,573,579,7
V_1082,573,573,1
V_1083,573,576,4
V_1084,573,591,19
V_1085,573,579,7
V_1086,573,573,1
V_1087,573,585,13
V_1088,574,814,241
V_1089,574,574,1
V_1090,574,587,14
V_1091,574,577,4
V_1092,574,602,29
V_1093,574,577,4
V_1094,574,814,241
V_1095,574,575,2
V_1096,574,575,2
V_1097,574,582,9
V_1098,575,577,3
V_1099,575,578,4
V_1100,575,579,5
V_1101,575,592,18
V_1102,575,582,8
V_1103,575,586,12
V_1104,575,575,1
V_1105,575,575,1
V_1106,575,585,11
V_1107,575,578,4
V_1108,575,648,74
V_1109,575,578,4
V_1110,575,585,11
V_1111,575,589,15
V_1112,575,576,2
V_1113,575,577,3
V_1115,576,814,239
V_1116,576,814,239
V_1117,576,597,22
V_1118,576,585,10
V_1119,576,814,239
V_1120,576,578,3
V_1121,576,588,13
V_1122,576,591,16
V_1123,576,814,239
V_1124,576,576,1
V_1125,576,602,27
V_1126,576,579,4
V_1127,576,814,239
V_1128,576,576,1
V_1129,576,578,3
V_1130,576,592,17
V_1131,577,578,2
V_1132,577,587,11
V_1133,577,581,5
V_1135,577,814,238
V_1136,577,814,238
V_1137,577,589,13
V_1138,577,584,8
V_1139,577,590,14
V_1140,577,581,5
V_1141,577,582,6
V_1142,577,814,238
V_1143,577,591,15
V_1144,577,814,238
V_1145,577,814,238
V_1146,577,580,4
V_1147,578,581,4
V_1149,578,596,19
V_1150,578,583,6
V_1151,578,582,5
V_1153,578,814,237
V_1154,578,601,24
V_1155,578,584,7
V_1156,578,585,8
V_1157,578,814,237
V_1158,578,814,237
V_1159,578,580,3
V_1160,578,582,5
V_1161,578,589,12
V_1162,578,814,237
V_1163,578,582,5
V_1164,578,814,237
V_1165,578,589,12
V_1166,578,585,8
V_1167,579,581,3
V_1168,579,581,3
V_1169,579,814,236
V_1170,579,601,23
V_1171,579,579,1
V_1172,579,579,1
V_1173,579,583,5
V_1174,579,581,3
V_1175,579,814,236
V_1176,579,586,8
V_1177,579,584,6
V_1178,579,582,4
V_1179,580,814,235
V_1180,580,604,25
V_1182,580,590,11
V_1183,580,580,1
V_1184,580,587,8
V_1185,580,814,235
V_1186,580,814,235
V_1187,581,582,2
V_1188,581,595,15
V_1189,581,594,14
V_1190,582,595,14
V_1191,582,588,7
V_1192,583,583,1
V_1193,583,587,5
V_1194,589,814,226
V_1195,590,594,5
V_1196,590,604,15
V_1197,590,605,16
V_1198,590,594,5
V_1199,591,616,26
V_1200,591,593,3
V_1201,592,592,1
V_1202,592,596,5
V_1203,592,600,9
V_1204,593,594,2
V_1205,593,595,3
V_1206,593,651,59
V_1207,593,615,23
V_1208,593,602,10
V_1209,593,597,5
V_1210,593,606,14
V_1211,593,593,1
V_1212,593,814,222
V_1213,593,596,4
V_1214,593,603,11
V_1215,593,603,11
V_1216,593,636,44
V_1217,593,602,10
V_1218,593,814,222
V_1219,593,596,4
V_1220,593,609,17
V_1221,593,597,5
V_1222,593,708,116
V_1223,594,599,6
V_1224,594,595,2
V_1226,594,596,3
V_1227,594,599,6
V_1228,594,598,5
V_1229,594,604,11
V_1230,594,609,16
V_1231,594,595,2
V_1232,594,622,29
V_1233,594,598,5
V_1234,594,814,221
V_1235,594,604,11
V_1236,594,601,8
V_1237,594,814,221
V_1238,594,611,18
V_1239,594,814,221
V_1240,594,602,9
V_1241,594,598,5
V_1243,594,602,9
V_1244,594,598,5
V_1245,594,814,221
V_1246,594,597,4
V_1247,594,594,1
V_1248,594,596,3
V_1249,595,596,2
V_1250,595,601,7
V_1251,595,596,2
V_1252,595,604,10
V_1253,595,616,22
V_1254,595,595,1
V_1255,595,617,23
V_1256,595,604,10
V_1257,595,605,11
V_1258,595,601,7
V_1259,595,814,220
V_1261,595,621,27
V_1262,595,596,2
V_1264,595,600,6
V_1265,595,637,43
V_1266,595,596,2
V_1267,595,814,220
V_1268,595,597,3
V_1269,595,595,1
V_1270,595,600,6
V_1271,595,814,220
V_1272,595,814,220
V_1273,595,595,1
V_1274,595,814,220
V_1275,595,814,220
V_1276,595,600,6
V_1277,595,605,11
V_1278,595,601,7
V_1279,595,596,2
V_1280,596,596,1
V_1281,596,597,2
V_1282,596,596,1
V_1283,596,598,3
V_1284,596,604,9
V_1285,596,615,20
V_1286,596,602,7
V_1287,596,814,219
V_1288,596,607,12
V_1289,596,648,53
V_1290,596,598,3
V_1291,596,605,10
V_1292,596,814,219
V_1294,596,608,13
V_1295,596,606,11
V_1296,596,596,1
V_1297,596,814,219
V_1298,596,605,10
V_1299,596,603,8
V_1300,596,596,1
V_1301,596,814,219
V_1302,596,606,11
V_1303,596,814,219
V_1304,596,600,5
V_1305,596,604,9
V_1306,596,596,1
V_1307,596,596,1
V_1308,596,617,22
V_1309,596,603,8
V_1310,596,596,1
V_1311,596,601,6
V_1312,596,620,25
V_1313,596,660,65
V_1314,596,633,38
V_1315,596,603,8
V_1316,596,598,3
V_1317,596,602,7
V_1318,596,814,219
V_1319,596,602,7
V_1320,596,616,21
V_1321,596,601,6
V_1322,596,600,5
V_1323,596,814,219
V_1324,596,598,3
V_1325,596,601,6
V_1326,596,600,5
V_1327,596,598,3
V_1328,597,597,1
V_1329,597,814,218
V_1330,597,659,63
V_1331,597,598,2
V_1332,597,599,3
V_1333,597,601,5
V_1334,597,605,9
V_1335,597,814,218
V_1336,597,597,1
V_1337,597,603,7
V_1339,597,599,3
V_1340,597,598,2
V_1341,597,617,21
V_1342,597,620,24
V_1343,597,602,6
V_1344,597,814,218
V_1345,597,602,6
V_1346,597,597,1
V_1347,597,598,2
V_1348,597,607,11
V_1349,597,814,218
V_1350,597,600,4
V_1351,597,618,22
V_1352,597,618,22
V_1353,597,814,218
V_1354,597,603,7
V_1355,597,606,10
V_1356,597,603,7
V_1357,597,597,1
V_1358,597,608,12
V_1359,597,603,7
V_1360,597,608,12
V_1361,597,814,218
V_1362,597,600,4
V_1363,597,716,120
V_1364,597,606,10
V_1365,597,607,11
V_1366,597,604,8
V_1367,597,602,6
V_1368,597,599,3
V_1369,597,597,1
V_1370,597,598,2
V_1372,598,814,217
V_1373,598,814,217
V_1374,598,814,217
V_1375,598,600,3
V_1377,598,599,2
V_1378,598,613,16
V_1379,598,609,12
V_1381,598,600,3
V_1382,598,602,5
V_1383,598,626,29
V_1385,598,814,217
V_1386,598,603,6
V_1387,598,606,9
V_1388,598,759,162
V_1389,598,616,19
V_1390,598,814,217
V_1391,598,600,3
V_1393,598,600,3
V_1394,598,814,217
V_1395,598,610,13
V_1396,598,600,3
V_1397,598,599,2
V_1398,598,600,3
V_1399,598,599,2
V_1400,598,604,7
V_1401,598,606,9
V_1402,598,608,11
V_1403,599,604,6
V_1404,599,814,216
V_1405,599,601,3
V_1406,599,613,15
V_1407,599,600,2
V_1408,599,601,3
V_1409,599,601,3
V_1410,599,599,1
V_1411,599,608,10
V_1412,599,605,7
V_1413,599,604,6
V_1414,599,606,8
V_1415,599,601,3
V_1416,599,814,216
V_1417,599,624,26
V_1418,599,604,6
V_1419,599,649,51
V_1420,599,599,1
V_1421,599,814,216
V_1422,599,602,4
V_1423,600,624,25
V_1424,600,600,1
V_1425,600,607,8
V_1426,600,604,5
V_1427,600,814,215
V_1428,600,612,13
V_1429,600,814,215
V_1430,600,600,1
V_1431,600,600,1
V_1432,600,814,215
V_1433,600,609,10
V_1434,601,604,4
V_1435,601,611,11
V_1436,601,629,29
V_1437,601,814,214
V_1438,601,621,21
V_1439,601,611,11
V_1440,601,814,214
V_1441,601,601,1
V_1442,601,605,5
V_1443,601,605,5
V_1444,601,650,50
V_1445,601,614,14
V_1446,601,604,4
V_1447,601,612,12
V_1448,601,603,3
V_1449,601,614,14
V_1450,601,611,11
V_1451,601,613,13
V_1452,601,602,2
V_1453,601,610,10
V_1454,601,601,1
V_1455,601,607,7
V_1456,601,604,4
V_1457,601,814,214
V_1458,601,601,1
V_1459,601,772,172
V_1460,601,606,6
V_1461,601,605,5
V_1462,602,814,213
V_1463,602,603,2
V_1464,602,615,14
V_1465,602,605,4
V_1466,602,631,30
V_1467,602,814,213
V_1468,602,612,11
V_1469,602,619,18
V_1470,602,814,213
V_1471,602,814,213
V_1472,602,611,10
V_1473,602,614,13
V_1474,602,605,4
V_1475,602,608,7
V_1477,602,615,14
V_1478,602,814,213
V_1479,602,620,19
V_1480,602,606,5
V_1482,602,814,213
V_1483,602,814,213
V_1484,602,814,213
V_1485,602,602,1
V_1486,602,604,3
V_1487,602,638,37
V_1488,602,608,7
V_1489,602,603,2
V_1490,602,814,213
V_1491,602,608,7
V_1492,602,605,4
V_1493,602,602,1
V_1494,602,602,1
V_1495,602,606,5
V_1496,602,814,213
V_1497,602,605,4
V_1498,602,605,4
V_1499,602,604,3
V_1500,602,621,20
V_1501,602,611,10
V_1502,602,605,4
V_1503,602,606,5
V_1504,602,612,11
V_1505,602,608,7
V_1506,602,610,9
V_1507,602,814,213
V_1508,602,602,1
V_1509,602,605,4
V_1510,602,814,213
V_1511,602,610,9
V_1512,602,814,213
V_1513,602,617,16
V_1514,602,620,19
V_1515,602,602,1
V_1516,602,625,24
V_1517,602,814,213
V_1518,602,611,10
V_1519,602,814,213
V_1520,602,608,7
V_1521,602,610,9
V_1522,602,616,15
V_1523,602,814,213
V_1524,602,606,5
V_1525,602,650,49
V_1526,602,620,19
V_1527,603,608,6
V_1528,603,604,2
V_1529,603,610,8
V_1530,603,606,4
V_1531,603,633,31
V_1532,603,734,132
V_1533,603,611,9
V_1534,603,607,5
V_1535,603,605,3
V_1536,603,814,212
V_1537,603,605,3
V_1538,603,614,12
V_1539,603,607,5
V_1540,603,612,10
V_1541,603,609,7
V_1542,603,607,5
V_1543,603,603,1
V_1544,603,814,212
V_1546,603,603,1
V_1547,603,604,2
V_1548,603,608,6
V_1549,603,606,4
V_1550,603,606,4
V_1551,603,613,11
V_1552,603,614,12
V_1553,603,604,2
V_1554,603,620,18
V_1555,603,604,2
V_1556,603,607,5
V_1557,603,605,3
V_1558,603,622,20
V_1559,603,814,212
V_1560,603,607,5
V_1561,603,607,5
V_1562,603,613,11
V_1564,603,814,212
V_1565,603,612,10
V_1566,603,814,212
V_1567,603,606,4
V_1568,603,628,26
V_1569,603,619,17
V_1570,603,814,212
V_1571,603,608,6
V_1572,603,603,1
V_1573,603,613,11
V_1574,603,620,18
V_1575,603,613,11
V_1576,603,604,2
V_1577,603,609,7
V_1578,603,603,1
V_1579,603,619,17
V_1580,603,814,212
V_1581,603,615,13
V_1582,603,605,3
V_1583,603,702,100
V_1584,603,606,4
V_1585,603,614,12
V_1586,603,611,9
V_1587,603,814,212
V_1588,603,611,9
V_1589,603,630,28
V_1590,603,606,4
V_1591,603,609,7
V_1592,604,604,1
V_1593,604,605,2
V_1594,604,610,7
V_1595,604,610,7
V_1596,604,610,7
V_1597,604,608,5
V_1598,604,604,1
V_1599,604,615,12
V_1600,604,814,211
V_1601,604,610,7
V_1604,604,614,11
V_1605,604,814,211
V_1606,604,604,1
V_1607,604,608,5
V_1608,604,610,7
V_1609,604,620,17
V_1610,604,606,3
V_1611,604,605,2
V_1612,604,814,211
V_1613,604,609,6
V_1614,604,604,1
V_1615,604,605,2
V_1616,604,814,211
V_1617,604,611,8
V_1618,604,615,12
V_1619,604,635,32
V_1620,604,607,4
V_1621,604,604,1
V_1622,604,613,10
V_1623,604,604,1
V_1624,604,604,1
V_1625,604,608,5
V_1626,604,608,5
V_1627,604,814,211
V_1628,604,814,211
V_1629,604,626,23
V_1630,604,604,1
V_1631,604,607,4
V_1632,604,814,211
V_1633,604,626,23
V_1634,604,606,3
V_1636,604,814,211
V_1637,604,605,2
V_1638,604,607,4
V_1639,604,814,211
V_1640,604,611,8
V_1641,604,623,20
V_1642,604,608,5
V_1643,604,617,14
V_1645,605,621,17
V_1646,605,814,210
V_1647,605,814,210
V_1648,605,608,4
V_1649,605,609,5
V_1650,605,606,2
V_1651,605,616,12
V_1652,605,615,11
V_1653,605,619,15
V_1654,605,612,8
V_1655,605,609,5
V_1656,605,608,4
V_1657,605,621,17
V_1658,605,623,19
V_1659,605,626,22
V_1660,605,608,4
V_1661,605,607,3
V_1662,605,814,210
V_1663,605,814,210
V_1664,605,619,15
V_1665,605,626,22
V_1666,605,612,8
V_1667,606,814,209
V_1668,606,609,4
V_1669,606,616,11
V_1670,606,618,13
V_1671,606,610,5
V_1672,606,623,18
V_1673,606,609,4
V_1674,606,814,209
V_1675,606,610,5
V_1676,606,611,6
V_1677,606,814,209
V_1678,606,613,8
V_1679,608,610,3
V_1680,610,617,8
V_1681,613,649,37
V_1682,614,617,4
V_1683,615,631,17
V_1684,615,627,13
V_1685,615,647,33
V_1686,615,621,7
V_1687,615,619,5
V_1688,615,622,8
V_1689,615,616,2
V_1690,615,616,2
V_1691,615,617,3
V_1692,616,619,4
V_1693,616,622,7
V_1694,616,641,26
V_1695,616,625,10
V_1696,616,814,199
V_1697,616,686,71
V_1698,616,625,10
V_1699,617,814,198
V_1700,617,814,198
V_1701,617,619,3
V_1702,617,618,2
V_1704,617,618,2
V_1705,617,619,3
V_1706,617,617,1
V_1707,617,623,7
V_1708,617,617,1
V_1709,617,619,3
V_1710,617,620,4
V_1711,617,620,4
V_1712,617,814,198
V_1713,617,618,2
V_1714,617,653,37
V_1715,617,624,8
V_1716,618,642,25
V_1717,618,635,18
V_1719,618,622,5
V_1720,618,628,11
V_1722,618,814,197
V_1723,618,648,31
V_1724,618,814,197
V_1727,618,619,2
V_1728,618,814,197
V_1729,618,623,6
V_1730,618,634,17
V_1731,618,624,7
V_1732,618,618,1
V_1733,618,619,2
V_1734,618,621,4
V_1735,618,619,2
V_1737,618,625,8
V_1738,618,627,10
V_1740,618,623,6
V_1741,618,626,9
V_1742,618,633,16
V_1743,618,618,1
V_1744,618,620,3
V_1745,618,619,2
V_1746,618,814,197
V_1747,618,620,3
V_1748,618,618,1
V_1749,618,622,5
V_1750,618,814,197
V_1751,618,814,197
V_1752,618,619,2
V_1753,618,619,2
V_1754,618,625,8
V_1755,618,618,1
V_1756,618,668,51
V_1757,618,618,1
V_1758,619,622,4
V_1759,619,619,1
V_1760,619,622,4
V_1761,619,814,196
V_1762,619,620,2
V_1763,619,625,7
V_1764,619,630,12
V_1766,619,631,13
V_1767,619,685,67
V_1768,619,622,4
V_1769,619,814,196
V_1770,619,655,37
V_1771,619,627,9
V_1772,619,620,2
V_1773,619,625,7
V_1774,619,624,6
V_1775,619,633,15
V_1776,619,635,17
V_1777,619,622,4
V_1778,619,630,12
V_1779,619,630,12
V_1780,619,622,4
V_1781,619,642,24
V_1782,619,621,3
V_1783,619,622,4
V_1784,619,628,10
V_1786,619,630,12
V_1787,619,814,196
V_1788,619,623,5
V_1789,619,642,24
V_1790,619,630,12
V_1791,619,635,17
V_1792,619,621,3
V_1794,619,641,23
V_1795,619,625,7
V_1796,619,627,9
V_1797,619,630,12
V_1798,619,622,4
V_1799,619,626,8
V_1800,619,814,196
V_1801,619,626,8
V_1802,619,624,6
V_1803,619,814,196
V_1804,619,621,3
V_1805,619,623,5
V_1806,619,620,2
V_1807,619,627,9
V_1808,619,619,1
V_1809,619,623,5
V_1810,619,628,10
V_1811,619,814,196
V_1812,619,620,2
V_1813,619,630,12
V_1814,619,623,5
V_1815,619,627,9
V_1816,619,619,1
V_1817,619,620,2
V_1818,619,620,2
V_1819,619,621,3
V_1820,619,621,3
V_1821,619,622,4
V_1822,619,619,1
V_1823,619,637,19
V_1824,619,627,9
V_1825,619,621,3
V_1826,619,632,14
V_1827,619,622,4
V_1828,619,619,1
V_1829,619,622,4
V_1830,619,619,1
V_1831,619,633,15
V_1832,619,636,18
V_1833,619,622,4
V_1834,620,626,7
V_1835,620,628,9
V_1836,620,648,29
V_1837,620,621,2
V_1838,620,623,4
V_1839,620,635,16
V_1840,620,628,9
V_1841,620,635,16
V_1842,620,624,5
V_1843,620,624,5
V_1844,620,628,9
V_1845,620,632,13
V_1846,620,634,15
V_1847,620,634,15
V_1849,620,620,1
V_1850,620,630,11
V_1851,620,627,8
V_1852,620,814,195
V_1853,620,621,2
V_1854,620,620,1
V_1855,620,629,10
V_1856,620,814,195
V_1857,620,814,195
V_1858,620,623,4
V_1860,620,622,3
V_1861,620,653,34
V_1862,620,630,11
V_1863,620,632,13
V_1864,620,628,9
V_1865,620,626,7
V_1866,620,623,4
V_1867,620,628,9
V_1868,620,621,2
V_1869,620,620,1
V_1870,620,628,9
V_1871,620,626,7
V_1872,620,622,3
V_1873,620,625,6
V_1874,620,626,7
V_1875,620,640,21
V_1876,620,638,19
V_1877,620,653,34
V_1878,620,620,1
V_1879,620,814,195
V_1880,620,624,5
V_1881,620,628,9
V_1882,620,814,195
V_1883,620,626,7
V_1884,620,621,2
V_1885,621,624,4
V_1886,621,640,20
V_1887,621,814,194
V_1888,621,628,8
V_1889,621,627,7
V_1890,621,814,194
V_1891,621,638,18
V_1892,621,628,8
V_1893,621,631,11
V_1894,621,624,4
V_1895,621,630,10
V_1896,621,814,194
V_1897,621,622,2
V_1898,621,626,6
V_1899,621,646,26
V_1900,621,640,20
V_1901,621,624,4
V_1902,621,633,13
V_1903,621,814,194
V_1904,621,621,1
V_1905,621,623,3
V_1906,621,622,2
V_1907,621,622,2
V_1908,621,631,11
V_1909,621,624,4
V_1910,621,630,10
V_1911,621,626,6
V_1913,621,814,194
V_1914,621,625,5
V_1915,621,625,5
V_1916,621,625,5
V_1917,621,636,16
V_1918,621,623,3
V_1919,621,814,194
V_1920,621,627,7
V_1921,621,631,11
V_1922,621,627,7
V_1923,622,623,2
V_1924,622,622,1
V_1925,622,631,10
V_1926,622,624,3
V_1927,622,626,5
V_1928,622,814,193
V_1930,622,626,5
V_1931,622,814,193
V_1932,622,803,182
V_1933,622,626,5
V_1934,622,640,19
V_1936,623,636,14
V_1938,623,630,8
V_1939,623,623,1
V_1940,623,630,8
V_1941,623,631,9
V_1942,623,634,12
V_1943,623,634,12
V_1944,623,625,3
V_1945,624,635,12
V_1946,624,624,1
V_1947,624,634,11
V_1948,624,628,5
V_1949,624,624,1
V_1950,624,627,4
V_1951,624,814,191
V_1953,624,628,5
V_1955,624,628,5
V_1956,624,633,10
V_1957,624,646,23
V_1958,624,632,9
V_1959,624,814,191
V_1960,624,628,5
V_1962,624,627,4
V_1963,624,814,191
V_1964,624,626,3
V_1965,624,629,6
V_1966,624,686,63
V_1967,624,628,5
V_1968,624,639,16
V_1969,624,703,80
V_1970,624,814,191
V_1971,624,625,2
V_1972,624,628,5
V_1973,624,635,12
V_1974,624,624,1
V_1975,625,627,3
V_1976,625,627,3
V_1977,625,626,2
V_1978,625,642,18
V_1980,625,632,8
V_1981,625,630,6
V_1982,625,814,190
V_1983,625,630,6
V_1984,625,636,12
V_1985,625,630,6
V_1986,625,630,6
V_1987,625,814,190
V_1989,625,637,13
V_1990,625,645,21
V_1991,625,631,7
V_1992,625,625,1
V_1993,625,655,31
V_1994,625,670,46
V_1995,625,679,55
V_1996,625,814,190
V_1997,625,630,6
V_1998,625,628,4
V_1999,625,627,3
V_2000,625,628,4
V_2001,625,814,190
V_2002,625,814,190
V_2003,625,625,1
V_2004,625,625,1
V_2005,625,640,16
V_2006,625,633,9
V_2007,625,643,19
V_2008,625,814,190
V_2009,625,649,25
V_2010,625,653,29
V_2011,625,638,14
V_2012,625,630,6
V_2013,625,814,190
V_2014,625,629,5
V_2015,625,626,2
V_2016,625,630,6
V_2017,625,628,4
V_2018,625,626,2
V_2019,625,626,2
V_2020,625,814,190
V_2021,625,633,9
V_2022,625,649,25
V_2023,625,632,8
V_2024,625,627,3
V_2025,625,626,2
V_2026,625,634,10
V_2027,625,634,10
V_2028,625,634,10
V_2029,625,635,11
V_2030,625,637,13
V_2031,625,631,7
V_2032,625,642,18
V_2033,626,637,12
V_2034,626,627,2
V_2035,626,814,189
V_2036,626,626,1
V_2037,626,814,189
V_2038,626,648,23
V_2039,626,640,15
V_2040,626,638,13
V_2041,626,627,2
V_2043,626,627,2
V_2044,626,636,11
V_2045,626,626,1
V_2046,626,628,3
V_2047,626,814,189
V_2048,626,814,189
V_2049,626,626,1
V_2050,626,628,3
V_2051,626,814,189
V_2052,626,628,3
V_2053,626,814,189
V_2054,626,661,36
V_2055,626,641,16
V_2056,626,630,5
V_2057,626,634,9
V_2058,626,636,11
V_2059,626,814,189
V_2060,626,633,8
V_2061,626,626,1
V_2064,626,626,1
V_2065,626,666,41
V_2066,626,643,18
V_2067,626,649,24
V_2068,626,627,2
V_2069,626,634,9
V_2071,626,629,4
V_2072,626,638,13
V_2073,626,630,5
V_2074,626,632,7
V_2075,626,636,11
V_2076,626,627,2
V_2077,626,629,4
V_2078,626,626,1
V_2079,626,642,17
V_2080,626,629,4
V_2081,626,646,21
V_2082,626,634,9
V_2083,626,628,3
V_2084,626,814,189
V_2085,626,628,3
V_2086,626,635,10
V_2087,626,643,18
V_2088,626,627,2
V_2089,626,635,10
V_2090,626,631,6
V_2091,626,638,13
V_2093,626,626,1
V_2094,626,627,2
V_2095,626,634,9
V_2096,626,642,17
V_2097,626,627,2
V_2098,626,632,7
V_2099,626,814,189
V_2100,626,630,5
V_2101,626,641,16
V_2102,626,650,25
V_2103,626,814,189
V_2104,626,629,4
V_2105,626,627,2
V_2106,626,628,3
V_2107,626,638,13
V_2108,626,629,4
V_2109,626,669,44
V_2110,626,814,189
V_2111,626,630,5
V_2112,626,633,8
V_2113,626,626,1
V_2114,626,814,189
V_2115,626,628,3
V_2116,626,814,189
V_2117,626,814,189
V_2118,626,652,27
V_2119,626,651,26
V_2120,626,638,13
V_2121,626,814,189
V_2122,626,640,15
V_2123,626,627,2
V_2124,626,633,8
V_2125,626,629,4
V_2126,626,628,3
V_2127,626,627,2
V_2128,626,640,15
V_2129,626,630,5
V_2130,626,644,19
V_2131,626,662,37
V_2132,626,645,20
V_2133,626,627,2
V_2134,626,814,189
V_2135,626,629,4
V_2136,626,632,7
V_2137,626,629,4
V_2138,626,637,12
V_2139,626,628,3
V_2140,626,644,19
V_2141,626,634,9
V_2142,626,644,19
V_2143,626,638,13
V_2144,626,631,6
V_2145,626,630,5
V_2146,626,652,27
V_2147,627,645,19
V_2148,627,814,188
V_2149,627,814,188
V_2151,627,646,20
V_2152,627,814,188
V_2153,627,814,188
V_2154,627,814,188
V_2155,627,627,1
V_2156,627,814,188
V_2157,627,646,20
V_2158,627,645,19
V_2159,627,627,1
V_2160,627,627,1
V_2161,627,814,188
V_2162,627,633,7
V_2163,627,628,2
V_2164,627,814,188
V_2165,627,637,11
V_2166,627,814,188
V_2167,627,814,188
V_2168,627,814,188
V_2169,627,645,19
V_2170,627,639,13
V_2171,627,631,5
V_2172,627,627,1
V_2173,627,642,16
V_2174,627,644,18
V_2175,627,630,4
V_2176,627,627,1
V_2177,627,640,14
V_2178,627,634,8
V_2179,627,650,24
V_2180,627,637,11
V_2181,627,629,3
V_2182,627,629,3
V_2183,627,637,11
V_2184,627,635,9
V_2186,627,635,9
V_2187,627,814,188
V_2188,627,632,6
V_2189,627,629,3
V_2190,627,630,4
V_2191,627,627,1
V_2192,627,638,12
V_2193,627,628,2
V_2195,627,631,5
V_2196,627,634,8
V_2197,627,630,4
V_2198,627,627,1
V_2199,627,631,5
V_2200,627,643,17
V_2201,627,636,10
V_2203,627,668,42
V_2204,627,629,3
V_2205,627,628,2
V_2206,627,629,3
V_2207,627,640,14
V_2208,627,631,5
V_2209,627,634,8
V_2210,627,628,2
V_2211,627,637,11
V_2212,627,633,7
V_2214,627,814,188
V_2215,627,814,188
V_2217,627,636,10
V_2218,627,627,1
V_2219,627,630,4
V_2220,627,630,4
V_2221,627,631,5
V_2222,627,635,9
V_2223,627,814,188
V_2225,627,814,188
V_2226,627,631,5
V_2227,627,631,5
V_2228,627,640,14
V_2229,627,814,188
V_2230,627,633,7
V_2231,627,814,188
V_2232,627,627,1
V_2233,627,657,31
V_2234,627,631,5
V_2235,627,644,18
V_2236,627,639,13
V_2237,627,814,188
V_2238,627,627,1
V_2239,627,638,12
V_2241,627,635,9
V_2242,627,633,7
V_2243,627,631,5
V_2244,627,627,1
V_2245,627,634,8
V_2246,627,627,1
V_2247,627,627,1
V_2248,627,814,188
V_2249,627,627,1
V_2250,627,631,5
V_2251,627,814,188
V_2252,627,631,5
V_2253,627,647,21
V_2254,627,814,188
V_2255,627,633,7
V_2256,627,658,32
V_2257,627,633,7
V_2258,627,631,5
V_2259,627,635,9
V_2260,627,628,2
V_2261,627,634,8
V_2262,627,629,3
V_2263,627,638,12
V_2264,627,633,7
V_2265,627,632,6
V_2266,627,640,14
V_2267,627,629,3
V_2268,627,627,1
V_2269,628,631,4
V_2270,628,628,1
V_2271,628,814,187
V_2272,628,631,4
V_2273,628,645,18
V_2274,628,636,9
V_2275,628,629,2
V_2276,628,651,24
V_2277,628,652,25
V_2278,628,641,14
V_2279,628,644,17
V_2281,628,630,3
V_2282,628,631,4
V_2283,628,635,8
V_2284,628,637,10
V_2286,628,814,187
V_2287,628,638,11
V_2288,628,814,187
V_2289,628,630,3
V_2290,628,628,1
V_2291,628,635,8
V_2292,628,814,187
V_2293,628,632,5
V_2294,628,638,11
V_2295,628,635,8
V_2296,628,635,8
V_2297,628,639,12
V_2298,628,629,2
V_2299,628,628,1
V_2300,628,814,187
V_2301,628,631,4
V_2302,628,653,26
V_2303,628,628,1
V_2304,628,639,12
V_2305,628,668,41
V_2306,628,628,1
V_2307,628,630,3
V_2308,628,655,28
V_2309,628,630,3
V_2310,628,814,187
V_2311,628,631,4
V_2312,628,814,187
V_2313,628,637,10
V_2314,628,814,187
V_2315,628,643,16
V_2316,628,641,14
V_2317,628,630,3
V_2318,628,662,35
V_2319,628,628,1
V_2320,628,633,6
V_2321,628,814,187
V_2322,628,814,187
V_2323,629,642,14
V_2324,629,629,1
V_2325,629,637,9
V_2326,629,631,3
V_2327,629,814,186
V_2328,629,636,8
V_2329,629,630,2
V_2330,629,629,1
V_2331,629,630,2
V_2332,629,644,16
V_2333,629,638,10
V_2334,629,638,10
V_2336,629,644,16
V_2337,629,635,7
V_2338,629,630,2
V_2339,629,652,24
V_2340,629,637,9
V_2341,629,635,7
V_2342,629,631,3
V_2343,630,630,1
V_2344,630,814,185
V_2345,630,814,185
V_2346,630,637,8
V_2347,630,814,185
V_2348,630,631,2
V_2349,630,639,10
V_2350,630,643,14
V_2351,630,635,6
V_2352,630,636,7
V_2353,631,638,8
V_2354,631,639,9
V_2355,631,648,18
V_2356,631,634,4
V_2357,632,638,7
V_2358,632,814,183
V_2359,632,634,3
V_2360,633,645,13
V_2361,634,635,2
V_2362,634,638,5
V_2363,634,635,2
V_2364,635,639,5
V_2365,635,814,180
V_2366,636,641,6
V_2367,636,636,1
V_2368,636,639,4
V_2369,637,645,9
V_2370,638,645,8
V_2371,639,651,13
V_2372,639,814,176
V_2373,641,653,13
V_2374,643,644,2
V_2375,644,644,1
V_2376,644,650,7
V_2377,645,648,4
V_2378,645,649,5
V_2379,646,646,1
V_2380,648,653,6
V_2381,649,654,6
V_2382,649,814,166
V_2383,649,650,2
V_2384,651,662,12
V_2385,651,814,164
V_2386,651,659,9
V_2387,651,662,12
V_2388,651,653,3
V_2389,652,659,8
V_2390,652,814,163
V_2391,652,654,3
V_2392,652,671,20
V_2393,652,653,2
V_2394,652,659,8
V_2395,652,660,9
V_2396,652,674,23
V_2397,652,814,163
V_2398,653,680,28
V_2400,653,665,13
V_2401,653,660,8
V_2402,653,670,18
V_2403,653,659,7
V_2404,653,668,16
V_2406,653,660,8
V_2407,653,657,5
V_2409,654,722,69
V_2410,654,657,4
V_2411,654,814,161
V_2412,654,654,1
V_2413,654,655,2
V_2414,654,658,5
V_2415,654,666,13
V_2416,654,657,4
V_2417,655,668,14
V_2418,655,665,11
V_2419,655,658,4
V_2421,655,660,6
V_2422,655,664,10
V_2423,655,659,5
V_2424,655,658,4
V_2425,655,657,3
V_2426,655,814,160
V_2427,655,655,1
V_2428,655,664,10
V_2429,655,814,160
V_2430,655,655,1
V_2431,655,660,6
V_2432,655,814,160
V_2433,656,666,11
V_2434,656,668,13
V_2435,656,675,20
V_2436,656,814,159
V_2437,656,690,35
V_2438,656,814,159
V_2439,656,656,1
V_2440,656,657,2
V_2441,656,670,15
V_2442,656,656,1
V_2443,656,679,24
V_2444,656,657,2
V_2445,657,678,22
V_2446,657,814,158
V_2447,657,660,4
V_2448,657,814,158
V_2449,657,741,85
V_2450,657,658,2
V_2451,657,814,158
V_2452,657,814,158
V_2453,657,663,7
V_2454,657,658,2
V_2455,657,661,5
V_2456,658,661,4
V_2457,658,667,10
V_2458,658,814,157
V_2459,658,814,157
V_2460,658,814,157
V_2461,658,672,15
V_2463,658,659,2
V_2464,658,662,5
V_2465,658,814,157
V_2466,658,665,8
V_2467,658,814,157
V_2468,658,663,6
V_2469,658,665,8
V_2470,658,669,12
V_2471,659,676,18
V_2472,659,669,11
V_2473,659,674,16
V_2474,659,660,2
V_2475,659,661,3
V_2476,659,670,12
V_2477,659,662,4
V_2478,659,677,19
V_2479,659,664,6
V_2480,659,669,11
V_2481,659,814,156
V_2482,660,666,7
V_2483,660,664,5
V_2484,660,675,16
V_2485,660,814,155
V_2486,660,814,155
V_2487,660,814,155
V_2488,660,664,5
V_2489,661,667,7
V_2490,661,814,154
V_2491,661,671,11
V_2492,661,679,19
V_2493,661,667,7
V_2494,661,665,5
V_2495,661,673,13
V_2496,661,814,154
V_2497,661,814,154
V_2498,661,662,2
V_2499,662,814,153
V_2500,662,662,1
V_2502,662,662,1
V_2503,662,665,4
V_2504,662,663,2
V_2505,662,814,153
V_2506,662,664,3
V_2507,662,662,1
V_2508,663,664,2
V_2509,663,814,152
V_2511,663,664,2
V_2512,663,663,1
V_2514,664,814,151
V_2515,664,707,44
V_2516,664,664,1
V_2517,664,686,23
V_2518,664,668,5
V_2519,665,665,1
V_2520,665,814,150
V_2521,666,677,12
V_2522,666,670,5
V_2523,666,675,10
V_2524,667,814,148
V_2525,667,814,148
V_2527,669,678,10
V_2528,670,674,5
V_2529,671,671,1
V_2530,671,676,6
V_2531,672,677,6
V_2532,673,675,3
V_2533,673,675,3
V_2534,673,673,1
V_2535,674,678,5
V_2536,674,814,141
V_2537,674,675,2
V_2538,674,686,13
V_2539,675,814,140
V_2540,675,680,6
V_2541,675,679,5
V_2542,675,693,19
V_2543,675,814,140
V_2544,675,676,2
V_2545,676,748,73
V_2546,676,676,1
V_2547,676,680,5
V_2549,676,814,139
V_2550,676,687,12
V_2551,676,687,12
V_2552,676,680,5
V_2553,677,682,6
V_2554,677,691,15
V_2555,677,814,138
V_2556,677,814,138
V_2557,677,682,6
V_2558,677,686,10
V_2559,677,683,7
V_2560,677,814,138
V_2561,677,680,4
V_2562,678,694,17
V_2563,678,683,6
V_2564,678,681,4
V_2565,678,698,21
V_2566,678,680,3
V_2567,678,814,137
V_2568,678,680,3
V_2569,678,689,12
V_2570,678,814,137
V_2571,678,696,19
V_2572,678,683,6
V_2573,679,682,4
V_2574,679,814,136
V_2575,679,692,14
V_2576,679,681,3
V_2577,679,682,4
V_2578,679,690,12
V_2579,679,691,13
V_2580,679,814,136
V_2581,679,686,8
V_2582,679,689,11
V_2584,679,688,10
V_2585,679,692,14
V_2586,680,681,2
V_2587,680,685,6
V_2588,680,683,4
V_2589,680,685,6
V_2590,680,693,14
V_2591,680,814,135
V_2592,680,814,135
V_2593,680,690,11
V_2594,680,814,135
V_2595,680,686,7
V_2596,680,683,4
V_2597,680,683,4
V_2598,680,682,3
V_2599,681,814,134
V_2600,681,683,3
V_2601,681,814,134
V_2602,681,685,5
V_2603,681,683,3
V_2604,681,706,26
V_2605,681,703,23
V_2606,681,814,134
V_2607,681,814,134
V_2608,681,814,134
V_2609,681,686,6
V_2610,681,700,20
V_2611,681,689,9
V_2612,681,814,134
V_2613,681,686,6
V_2614,681,683,3
V_2615,681,814,134
V_2616,681,814,134
V_2617,681,682,2
V_2618,681,684,4
V_2620,681,682,2
V_2621,681,814,134
V_2622,681,814,134
V_2623,681,698,18
V_2624,682,690,9
V_2625,682,683,2
V_2626,682,683,2
V_2627,682,688,7
V_2628,682,683,2
V_2629,682,682,1
V_2630,682,685,4
V_2631,682,688,7
V_2632,682,684,3
V_2633,682,688,7
V_2634,682,683,2
V_2635,682,682,1
V_2636,683,814,132
V_2637,683,688,6
V_2638,683,686,4
V_2639,683,689,7
V_2640,683,814,132
V_2641,683,685,3
V_2642,683,814,132
V_2643,683,688,6
V_2644,683,814,132
V_2645,683,683,1
V_2646,683,704,22
V_2647,683,814,132
V_2648,683,687,5
V_2649,683,702,20
V_2650,683,690,8
V_2651,683,699,17
V_2652,683,814,132
V_2653,683,686,4
V_2654,683,683,1
V_2655,684,684,1
V_2656,684,814,131
V_2657,684,814,131
V_2658,684,685,2
V_2659,684,687,4
V_2660,684,688,5
V_2661,684,686,3
V_2662,684,695,12
V_2663,684,814,131
V_2664,684,699,16
V_2665,684,697,14
V_2666,684,814,131
V_2667,684,688,5
V_2669,684,699,16
V_2670,684,691,8
V_2671,684,714,31
V_2672,684,686,3
V_2674,684,684,1
V_2675,684,686,3
V_2676,684,687,4
V_2677,684,687,4
V_2678,684,713,30
V_2679,684,685,2
V_2680,684,685,2
V_2681,685,699,15
V_2682,685,689,5
V_2683,685,814,130
V_2684,685,705,21
V_2685,685,692,8
V_2686,685,688,4
V_2687,685,814,130
V_2688,685,702,18
V_2689,685,814,130
V_2690,685,695,11
V_2691,685,805,121
V_2692,685,685,1
V_2693,685,690,6
V_2694,685,702,18
V_2695,685,696,12
V_2696,686,736,51
V_2697,686,814,129
V_2698,686,700,15
V_2699,686,691,6
V_2700,686,687,2
V_2701,686,687,2
V_2702,686,695,10
V_2703,686,692,7
V_2704,686,692,7
V_2705,686,693,8
V_2706,686,693,8
V_2707,686,814,129
V_2708,686,814,129
V_2709,686,686,1
V_2710,686,690,5
V_2711,686,697,12
V_2712,686,695,10
V_2713,686,695,10
V_2714,686,728,43
V_2715,686,703,18
V_2716,687,814,128
V_2717,687,687,1
V_2718,687,693,7
V_2719,687,696,10
V_2720,687,688,2
V_2721,687,699,13
V_2722,687,687,1
V_2723,687,702,16
V_2724,687,814,128
V_2725,687,687,1
V_2726,687,695,9
V_2727,687,814,128
V_2728,687,689,3
V_2729,687,814,128
V_2730,687,692,6
V_2731,687,693,7
V_2732,687,689,3
V_2733,687,814,128
V_2734,688,814,127
V_2735,688,693,6
V_2736,688,814,127
V_2737,688,718,31
V_2738,688,814,127
V_2739,688,692,5
V_2740,688,814,127
V_2741,688,711,24
V_2742,688,694,7
V_2743,688,814,127
V_2744,688,688,1
V_2745,688,699,12
V_2746,688,814,127
V_2747,689,694,6
V_2748,689,698,10
V_2749,689,692,4
V_2750,689,814,126
V_2751,689,814,126
V_2753,689,704,16
V_2754,689,814,126
V_2755,689,694,6
V_2756,689,698,10
V_2757,689,706,18
V_2758,690,702,13
V_2759,690,724,35
V_2760,690,690,1
V_2761,690,693,4
V_2762,690,694,5
V_2763,690,814,125
V_2764,690,700,11
V_2765,691,698,8
V_2766,691,814,124
V_2767,692,704,13
V_2768,693,814,122
V_2769,694,695,2
V_2770,694,696,3
V_2771,695,704,10
V_2772,695,698,4
V_2773,695,697,3
V_2774,695,715,21
V_2775,695,814,120
V_2776,696,707,12
V_2777,696,701,6
V_2779,700,700,1
V_2780,704,706,3
V_2781,710,717,8
V_2782,711,712,2
V_2783,712,714,3
V_2784,712,814,103
V_2785,712,715,4
V_2786,713,767,55
V_2787,713,713,1
V_2788,713,717,5
V_2789,713,721,9
V_2790,713,713,1
V_2791,714,814,101
V_2792,714,814,101
V_2793,714,725,12
V_2794,714,814,101
V_2795,714,722,9
V_2796,714,741,28
V_2797,714,719,6
V_2798,715,814,100
V_2799,715,814,100
V_2800,715,717,3
V_2801,715,729,15
V_2802,715,723,9
V_2803,716,727,12
V_2804,716,719,4
V_2805,716,717,2
V_2806,716,722,7
V_2807,716,719,4
V_2808,716,723,8
V_2809,716,716,1
V_2811,716,718,3
V_2812,716,716,1
V_2813,716,737,22
V_2814,716,719,4
V_2815,716,717,2
V_2816,716,814,99
V_2817,716,814,99
V_2818,716,814,99
V_2819,716,814,99
V_2820,716,725,10
V_2821,717,743,27
V_2822,717,755,39
V_2823,717,725,9
V_2824,717,766,50
V_2825,717,720,4
V_2826,717,736,20
V_2827,717,721,5
V_2828,717,723,7
V_2829,717,719,3
V_2830,717,732,16
V_2831,717,738,22
V_2832,717,814,98
V_2833,717,721,5
V_2834,717,718,2
V_2835,717,720,4
V_2836,717,726,10
V_2837,717,720,4
V_2838,717,723,7
V_2839,717,814,98
V_2840,717,730,14
V_2841,717,719,3
V_2842,717,717,1
V_2843,717,732,16
V_2844,718,718,1
V_2845,718,720,3
V_2846,718,814,97
V_2847,718,814,97
V_2849,718,814,97
V_2850,718,814,97
V_2851,718,738,21
V_2852,718,723,6
V_2853,718,720,3
V_2854,718,718,1
V_2855,718,727,10
V_2857,718,724,7
V_2858,718,725,8
V_2859,718,718,1
V_2860,718,718,1
V_2861,718,720,3
V_2862,718,726,9
V_2863,718,735,18
V_2864,718,723,6
V_2865,718,728,11
V_2866,718,814,97
V_2867,718,735,18
V_2868,718,722,5
V_2869,718,770,53
V_2870,719,724,6
V_2872,719,741,23
V_2873,719,725,7
V_2874,719,720,2
V_2875,719,722,4
V_2876,719,780,62
V_2877,719,725,7
V_2878,719,814,96
V_2879,719,723,5
V_2880,719,725,7
V_2881,719,723,5
V_2882,719,814,96
V_2883,719,732,14
V_2884,719,727,9
V_2885,719,814,96
V_2886,719,723,5
V_2887,719,725,7
V_2888,719,721,3
V_2889,719,721,3
V_2890,719,732,14
V_2891,719,722,4
V_2892,719,719,1
V_2893,719,729,11
V_2894,719,736,18
V_2895,719,814,96
V_2896,719,722,4
V_2897,719,814,96
V_2898,719,728,10
V_2899,720,723,4
V_2900,720,814,95
V_2901,720,720,1
V_2902,720,723,4
V_2903,720,733,14
V_2904,720,814,95
V_2905,720,814,95
V_2906,720,720,1
V_2907,720,728,9
V_2908,720,725,6
V_2909,720,734,15
V_2910,720,814,95
V_2911,720,735,16
V_2912,720,720,1
V_2913,720,721,2
V_2914,720,728,9
V_2915,720,727,8
V_2916,720,814,95
V_2917,720,722,3
V_2918,720,736,17
V_2919,721,814,94
V_2920,721,814,94
V_2921,721,814,94
V_2922,721,744,24
V_2924,721,729,9
V_2925,721,814,94
V_2926,721,731,11
V_2927,721,801,81
V_2928,721,729,9
V_2929,721,726,6
V_2930,721,726,6
V_2931,721,725,5
V_2932,721,814,94
V_2933,721,814,94
V_2934,721,722,2
V_2935,721,723,3
V_2936,721,742,22
V_2937,721,814,94
V_2938,721,736,16
V_2939,722,814,93
V_2940,722,733,12
V_2941,722,740,19
V_2942,722,728,7
V_2943,722,727,6
V_2944,722,735,14
V_2945,722,733,12
V_2946,722,723,2
V_2947,722,727,6
V_2948,722,730,9
V_2949,722,737,16
V_2950,722,723,2
V_2951,723,724,2
V_2952,723,741,19
V_2953,723,814,92
V_2954,723,814,92
V_2955,723,724,2
V_2956,723,726,4
V_2957,723,735,13
V_2958,723,814,92
V_2959,724,729,6
V_2960,724,730,7
V_2961,724,814,91
V_2963,725,733,9
V_2964,726,740,15
V_2965,726,735,10
V_2966,726,814,89
V_2967,727,758,32
V_2968,727,814,88
V_2969,727,738,12
V_2970,728,748,21
V_2971,728,731,4
V_2972,729,736,8
V_2973,730,814,85
V_2974,731,814,84
V_2975,731,742,12
V_2976,732,814,83
V_2977,733,734,2
V_2978,733,814,82
V_2979,733,735,3
V_2980,733,734,2
V_2981,734,737,4
V_2982,735,737,3
V_2983,735,754,20
V_2984,735,737,3
V_2985,735,743,9
V_2986,735,736,2
V_2987,735,735,1
V_2988,735,742,8
V_2989,735,735,1
V_2990,736,741,6
V_2991,736,736,1
V_2992,736,814,79
V_2994,736,736,1
V_2995,736,814,79
V_2996,737,753,17
V_2997,737,738,2
V_2998,737,740,4
V_2999,737,739,3
V_3000,737,737,1
V_3001,737,740,4
V_3002,737,747,11
V_3003,737,742,6
V_3004,737,755,19
V_3005,737,751,15
V_3006,737,739,3
V_3007,738,740,3
V_3009,738,814,77
V_3010,738,747,10
V_3011,738,741,4
V_3012,738,814,77
V_3013,738,738,1
V_3014,738,747,10
V_3015,738,747,10
V_3016,738,739,2
V_3017,738,748,11
V_3018,738,738,1
V_3019,738,740,3
V_3020,738,814,77
V_3021,738,741,4
V_3022,738,738,1
V_3023,738,738,1
V_3024,738,814,77
V_3026,739,744,6
V_3027,739,744,6
V_3028,739,739,1
V_3030,739,748,10
V_3031,739,745,7
V_3032,739,781,43
V_3034,739,745,7
V_3035,739,739,1
V_3036,739,752,14
V_3037,739,744,6
V_3038,739,741,3
V_3039,739,739,1
V_3040,739,743,5
V_3041,739,742,4
V_3042,739,743,5
V_3043,739,750,12
V_3045,739,745,7
V_3046,739,740,2
V_3047,739,752,14
V_3048,739,741,3
V_3049,739,757,19
V_3050,739,814,76
V_3051,739,741,3
V_3052,739,814,76
V_3053,739,814,76
V_3054,739,814,76
V_3055,739,742,4
V_3056,739,775,37
V_3057,739,739,1
V_3058,739,741,3
V_3059,739,744,6
V_3060,739,746,8
V_3061,739,744,6
V_3062,739,740,2
V_3063,739,743,5
V_3064,739,814,76
V_3065,739,740,2
V_3066,739,814,76
V_3067,739,747,9
V_3068,739,814,76
V_3069,740,741,2
V_3070,740,814,75
V_3071,740,743,4
V_3072,740,752,13
V_3073,740,757,18
V_3074,740,747,8
V_3075,740,747,8
V_3076,740,741,2
V_3077,740,814,75
V_3078,740,745,6
V_3079,740,749,10
V_3080,740,744,5
V_3081,740,740,1
V_3082,740,741,2
V_3083,740,814,75
V_3084,740,814,75
V_3085,740,742,3
V_3086,740,752,13
V_3087,740,751,12
V_3088,740,741,2
V_3089,740,747,8
V_3090,740,804,65
V_3091,740,741,2
V_3092,740,741,2
V_3093,740,742,3
V_3094,740,753,14
V_3095,740,752,13
V_3096,740,814,75
V_3097,740,758,19
V_3098,740,814,75
V_3099,740,751,12
V_3100,740,745,6
V_3101,740,740,1
V_3102,740,744,5
V_3103,741,749,9
V_3104,741,744,4
V_3105,741,745,5
V_3106,741,814,74
V_3107,741,746,6
V_3108,741,744,4
V_3109,741,745,5
V_3110,741,747,7
V_3111,741,749,9
V_3112,741,814,74
V_3113,741,741,1
V_3114,741,758,18
V_3115,741,746,6
V_3117,741,814,74
V_3118,741,742,2
V_3119,741,743,3
V_3120,741,750,10
V_3121,741,751,11
V_3123,741,749,9
V_3124,741,814,74
V_3125,741,741,1
V_3126,741,742,2
V_3127,741,741,1
V_3129,741,745,5
V_3130,741,742,2
V_3131,741,814,74
V_3132,741,756,16
V_3133,741,814,74
V_3134,741,757,17
V_3135,741,745,5
V_3136,741,745,5
V_3137,741,814,74
V_3138,741,768,28
V_3139,741,751,11
V_3140,741,755,15
V_3141,741,743,3
V_3142,741,814,74
V_3143,741,741,1
V_3144,741,744,4
V_3145,741,746,6
V_3146,741,743,3
V_3147,741,744,4
V_3148,741,814,74
V_3149,741,741,1
V_3150,741,741,1
V_3151,741,814,74
V_3152,741,771,31
V_3153,741,746,6
V_3154,741,762,22
V_3155,741,741,1
V_3156,741,745,5
V_3157,741,751,11
V_3158,741,814,74
V_3159,741,759,19
V_3160,741,745,5
V_3161,741,747,7
V_3162,741,741,1
V_3163,741,759,19
V_3164,742,744,3
V_3165,742,746,5
V_3166,742,814,73
V_3167,742,814,73
V_3168,742,743,2
V_3169,742,814,73
V_3170,742,744,3
V_3171,742,753,12
V_3172,742,743,2
V_3173,742,747,6
V_3174,742,745,4
V_3175,742,760,19
V_3176,742,749,8
V_3177,742,814,73
V_3179,742,749,8
V_3180,742,760,19
V_3181,742,814,73
V_3182,742,742,1
V_3183,742,814,73
V_3184,742,745,4
V_3185,742,745,4
V_3186,742,773,32
V_3187,742,814,73
V_3188,742,751,10
V_3189,742,743,2
V_3190,742,765,24
V_3191,742,743,2
V_3192,742,749,8
V_3193,742,744,3
V_3194,742,742,1
V_3195,742,751,10
V_3196,742,742,1
V_3197,742,742,1
V_3198,742,753,12
V_3199,742,742,1
V_3200,742,746,5
V_3201,742,761,20
V_3202,742,743,2
V_3203,742,751,10
V_3204,742,814,73
V_3205,742,752,11
V_3206,742,742,1
V_3207,742,803,62
V_3208,742,743,2
V_3209,742,748,7
V_3210,742,743,2
V_3211,742,814,73
V_3212,743,750,8
V_3213,743,814,72
V_3214,743,761,19
V_3215,743,760,18
V_3216,743,745,3
V_3217,743,744,2
V_3218,743,746,4
V_3219,743,761,19
V_3220,743,764,22
V_3221,743,744,2
V_3222,743,747,5
V_3223,743,745,3
V_3224,743,755,13
V_3225,743,771,29
V_3226,743,748,6
V_3227,743,752,10
V_3228,743,752,10
V_3229,743,745,3
V_3230,743,744,2
V_3231,743,743,1
V_3232,743,780,38
V_3233,743,814,72
V_3234,743,773,31
V_3236,743,746,4
V_3237,743,814,72
V_3238,743,760,18
V_3239,743,779,37
V_3240,743,750,8
V_3242,743,756,14
V_3243,743,748,6
V_3244,743,753,11
V_3245,743,749,7
V_3246,743,746,4
V_3247,743,814,72
V_3248,743,743,1
V_3249,743,749,7
V_3250,743,814,72
V_3251,743,766,24
V_3252,743,771,29
V_3253,743,761,19
V_3254,743,814,72
V_3255,744,814,71
V_3256,744,763,20
V_3257,744,744,1
V_3258,744,750,7
V_3259,744,753,10
V_3260,744,814,71
V_3261,744,747,4
V_3262,744,755,12
V_3263,744,747,4
V_3264,744,746,3
V_3265,744,761,18
V_3266,744,744,1
V_3267,744,814,71
V_3268,744,754,11
V_3269,744,744,1
V_3270,744,744,1
V_3271,744,814,71
V_3272,744,745,2
V_3273,744,814,71
V_3274,744,758,15
V_3276,744,753,10
V_3277,744,745,2
V_3278,744,814,71
V_3279,744,754,11
V_3280,744,746,3
V_3281,744,753,10
V_3282,744,814,71
V_3283,744,757,14
V_3284,744,767,24
V_3285,744,750,7
V_3286,744,750,7
V_3287,744,754,11
V_3288,744,754,11
V_3289,744,814,71
V_3290,744,748,5
V_3291,744,814,71
V_3292,744,745,2
V_3293,745,745,1
V_3294,745,746,2
V_3295,745,814,70
V_3296,745,814,70
V_3298,745,767,23
V_3299,745,749,5
V_3300,745,814,70
V_3301,745,755,11
V_3302,745,759,15
V_3303,745,759,15
V_3305,745,759,15
V_3306,745,814,70
V_3307,745,760,16
V_3308,745,814,70
V_3309,745,746,2
V_3310,745,762,18
V_3311,745,753,9
V_3312,745,748,4
V_3313,745,814,70
V_3314,745,750,6
V_3315,745,764,20
V_3316,745,748,4
V_3317,745,754,10
V_3318,746,750,5
V_3320,746,814,69
V_3321,746,747,2
V_3322,746,746,1
V_3323,746,749,4
V_3325,746,747,2
V_3326,747,750,4
V_3327,747,751,5
V_3328,747,814,68
V_3329,747,788,42
V_3330,747,814,68
V_3331,747,760,14
V_3332,748,752,5
V_3333,748,752,5
V_3334,748,814,67
V_3335,748,762,15
V_3336,748,769,22
V_3337,748,751,4
V_3338,748,756,9
V_3339,748,814,67
V_3340,748,758,11
V_3341,748,748,1
V_3342,748,750,3
V_3343,749,788,40
V_3344,749,759,11
V_3345,749,753,5
V_3347,750,814,65
V_3348,750,755,6
V_3349,750,762,13
V_3350,750,786,37
V_3351,750,814,65
V_3352,751,766,16
V_3353,751,755,5
V_3354,751,751,1
V_3355,751,752,2
V_3356,751,752,2
V_3357,751,753,3
V_3358,751,753,3
V_3359,751,753,3
V_3360,751,762,12
V_3361,751,756,6
V_3362,751,751,1
V_3363,751,813,63
V_3364,752,757,6
V_3365,752,753,2
V_3366,752,814,63
V_3367,752,760,9
V_3368,752,762,11
V_3369,752,764,13
V_3370,752,752,1
V_3371,752,755,4
V_3372,752,754,3
V_3373,752,755,4
V_3374,752,764,13
V_3375,752,755,4
V_3376,752,754,3
V_3377,752,814,63
V_3378,752,759,8
V_3379,752,814,63
V_3380,752,756,5
V_3381,752,814,63
V_3382,752,756,5
V_3383,752,774,23
V_3384,752,752,1
V_3385,752,814,63
V_3386,752,770,19
V_3388,752,754,3
V_3389,752,768,17
V_3390,752,814,63
V_3391,752,772,21
V_3392,752,754,3
V_3393,752,753,2
V_3394,752,752,1
V_3395,752,767,16
V_3396,752,772,21
V_3397,752,752,1
V_3398,752,814,63
V_3399,752,757,6
V_3400,753,765,13
V_3401,753,814,62
V_3402,753,756,4
V_3403,753,760,8
V_3404,753,755,3
V_3405,753,772,20
V_3406,753,755,3
V_3407,753,754,2
V_3408,753,757,5
V_3409,753,814,62
V_3412,753,754,2
V_3413,753,814,62
V_3414,753,754,2
V_3415,753,754,2
V_3416,753,760,8
V_3417,753,756,4
V_3418,753,756,4
V_3419,753,765,13
V_3420,753,758,6
V_3421,753,756,4
V_3422,753,754,2
V_3423,753,760,8
V_3424,753,773,21
V_3425,753,755,3
V_3426,753,767,15
V_3427,753,759,7
V_3428,753,761,9
V_3429,753,767,15
V_3430,753,814,62
V_3431,753,754,2
V_3432,753,756,4
V_3433,753,755,3
V_3434,753,814,62
V_3435,753,766,14
V_3436,753,753,1
V_3437,753,772,20
V_3438,753,754,2
V_3439,753,766,14
V_3440,753,753,1
V_3441,753,754,2
V_3442,753,765,13
V_3443,753,763,11
V_3444,753,771,19
V_3445,753,754,2
V_3446,753,761,9
V_3447,753,814,62
V_3448,753,761,9
V_3449,753,759,7
V_3450,753,754,2
V_3451,753,762,10
V_3453,753,760,8
V_3454,753,761,9
V_3455,753,770,18
V_3456,753,814,62
V_3457,753,753,1
V_3458,753,754,2
V_3459,753,757,5
V_3460,753,753,1
V_3461,753,754,2
V_3462,753,760,8
V_3463,753,753,1
V_3464,753,814,62
V_3465,753,758,6
V_3466,753,762,10
V_3467,753,754,2
V_3468,753,778,26
V_3469,753,766,14
V_3470,753,755,3
V_3471,753,764,12
V_3472,753,758,6
V_3473,753,754,2
V_3474,753,814,62
V_3475,753,767,15
V_3476,753,761,9
V_3477,753,773,21
V_3478,753,753,1
V_3479,753,814,62
V_3480,754,814,61
V_3481,754,767,14
V_3482,754,761,8
V_3483,754,758,5
V_3484,754,778,25
V_3485,754,814,61
V_3486,754,755,2
V_3487,754,772,19
V_3488,754,754,1
V_3489,754,757,4
V_3490,754,755,2
V_3491,754,761,8
V_3492,754,754,1
V_3493,754,756,3
V_3494,754,776,23
V_3496,754,759,6
V_3497,754,757,4
V_3498,754,757,4
V_3499,754,757,4
V_3500,754,766,13
V_3501,754,765,12
V_3502,754,755,2
V_3503,754,758,5
V_3504,754,787,34
V_3505,754,756,3
V_3506,754,814,61
V_3507,754,759,6
V_3508,754,814,61
V_3509,754,756,3
V_3510,754,814,61
V_3511,754,755,2
V_3512,754,814,61
V_3513,754,779,26
V_3514,754,772,19
V_3515,754,758,5
V_3516,754,761,8
V_3517,754,814,61
V_3518,754,814,61
V_3519,754,755,2
V_3520,754,814,61
V_3521,754,814,61
V_3522,754,754,1
V_3523,754,814,61
V_3524,754,814,61
V_3525,754,760,7
V_3526,754,756,3
V_3527,754,755,2
V_3528,754,763,10
V_3529,754,754,1
V_3530,754,754,1
V_3531,754,756,3
V_3532,754,762,9
V_3533,754,756,3
V_3534,754,757,4
V_3535,754,756,3
V_3536,754,814,61
V_3537,754,755,2
V_3538,754,756,3
V_3539,754,814,61
V_3540,754,814,61
V_3541,754,763,10
V_3542,754,754,1
V_3543,754,762,9
V_3544,754,814,61
V_3545,754,814,61
V_3546,754,761,8
V_3547,754,760,7
V_3548,754,754,1
V_3549,754,759,6
V_3550,755,760,6
V_3551,755,760,6
V_3552,755,762,8
V_3553,755,758,4
V_3554,755,758,4
V_3555,755,776,22
V_3556,755,790,36
V_3557,755,757,3
V_3558,755,756,2
V_3559,755,757,3
V_3560,755,756,2
V_3561,755,814,60
V_3562,755,814,60
V_3563,755,759,5
V_3564,755,814,60
V_3565,755,756,2
V_3566,755,814,60
V_3567,755,762,8
V_3568,755,755,1
V_3569,755,761,7
V_3570,755,757,3
V_3571,755,763,9
V_3572,755,769,15
V_3573,755,814,60
V_3574,755,814,60
V_3575,755,775,21
V_3576,755,761,7
V_3577,755,762,8
V_3578,755,814,60
V_3579,755,757,3
V_3580,755,814,60
V_3581,755,759,5
V_3582,755,774,20
V_3583,755,762,8
V_3584,755,769,15
V_3585,755,767,13
V_3586,755,774,20
V_3587,755,755,1
V_3588,755,766,12
V_3589,755,757,3
V_3590,755,768,14
V_3591,755,757,3
V_3592,755,757,3
V_3593,755,755,1
V_3594,755,765,11
V_3595,756,814,59
V_3596,756,759,4
V_3597,756,768,13
V_3598,756,767,12
V_3599,756,762,7
V_3602,756,814,59
V_3603,756,761,6
V_3604,756,814,59
V_3605,756,814,59
V_3607,756,814,59
V_3608,756,758,3
V_3609,756,760,5
V_3610,756,814,59
V_3611,756,758,3
V_3612,756,768,13
V_3613,756,759,4
V_3614,756,769,14
V_3615,756,757,2
V_3616,756,768,13
V_3617,757,762,6
V_3618,757,760,4
V_3619,757,762,6
V_3620,757,772,16
V_3621,757,757,1
V_3622,757,814,58
V_3623,757,763,7
V_3624,758,814,57
V_3625,758,781,24
V_3627,759,814,56
V_3628,759,779,21
V_3629,760,763,4
V_3630,765,767,3
V_3631,767,776,10
V_3632,767,780,14
V_3633,768,783,16
V_3634,768,768,1
V_3635,769,769,1
V_3636,769,775,7
V_3637,770,814,45
V_3638,770,778,9
V_3639,770,784,15
V_3640,770,772,3
V_3641,770,775,6
V_3642,770,779,10
V_3643,771,799,29
V_3644,771,772,2
V_3645,772,814,43
V_3646,772,807,36
V_3647,772,776,5
V_3648,772,814,43
V_3649,773,778,6
V_3651,773,786,14
V_3652,773,777,5
V_3653,773,777,5
V_3654,773,776,4
V_3655,773,779,7
V_3656,773,775,3
V_3657,773,773,1
V_3658,774,775,2
V_3659,774,784,11
V_3660,774,774,1
V_3661,774,775,2
V_3662,774,814,41
V_3663,774,775,2
V_3664,774,814,41
V_3665,774,785,12
V_3666,775,776,2
V_3667,775,779,5
V_3669,775,780,6
V_3670,775,788,14
V_3671,775,781,7
V_3672,775,795,21
V_3673,775,814,40
V_3674,775,776,2
V_3675,775,775,1
V_3676,775,814,40
V_3677,776,777,2
V_3678,776,785,10
V_3679,776,786,11
V_3680,776,781,6
V_3681,776,806,31
V_3682,776,791,16
V_3683,776,778,3
V_3685,776,780,5
V_3686,776,797,22
V_3687,776,805,30
V_3688,776,786,11
V_3690,776,787,12
V_3691,776,814,39
V_3692,776,794,19
V_3693,776,799,24
V_3694,776,779,4
V_3695,776,792,17
V_3696,776,792,17
V_3697,776,784,9
V_3698,776,814,39
V_3699,776,814,39
V_3700,776,802,27
V_3701,776,780,5
V_3702,777,782,6
V_3703,777,785,9
V_3705,777,814,38
V_3706,777,779,3
V_3707,777,778,2
V_3708,777,783,7
V_3709,777,791,15
V_3710,777,780,4
V_3711,777,802,26
V_3712,777,777,1
V_3713,777,814,38
V_3714,777,779,3
V_3715,777,782,6
V_3716,777,803,27
V_3717,777,782,6
V_3718,777,783,7
V_3719,777,791,15
V_3720,778,814,37
V_3722,778,814,37
V_3723,778,799,22
V_3724,778,792,15
V_3726,778,778,1
V_3727,778,780,3
V_3729,778,782,5
V_3730,778,790,13
V_3731,778,814,37
V_3732,778,792,15
V_3733,778,788,11
V_3734,778,787,10
V_3735,778,784,7
V_3737,778,787,10
V_3738,778,803,26
V_3739,778,781,4
V_3740,778,783,6
V_3741,778,778,1
V_3742,778,814,37
V_3743,778,791,14
V_3744,778,785,8
V_3745,778,778,1
V_3746,779,793,15
V_3748,779,780,2
V_3749,779,782,4
V_3750,779,786,8
V_3751,779,785,7
V_3752,779,783,5
V_3753,779,794,16
V_3754,779,788,10
V_3756,779,790,12
V_3757,779,786,8
V_3758,779,783,5
V_3759,779,791,13
V_3760,779,814,36
V_3761,779,785,7
V_3762,779,799,21
V_3763,779,780,2
V_3764,779,781,3
V_3765,779,785,7
V_3766,779,814,36
V_3767,779,785,7
V_3768,779,814,36
V_3769,779,780,2
V_3771,779,814,36
V_3772,779,779,1
V_3773,779,780,2
V_3774,779,814,36
V_3775,779,795,17
V_3776,779,779,1
V_3777,779,780,2
V_3778,779,782,4
V_3779,779,779,1
V_3780,779,781,3
V_3781,779,788,10
V_3782,779,783,5
V_3783,780,790,11
V_3784,780,814,35
V_3785,780,782,3
V_3786,780,814,35
V_3787,780,799,20
V_3788,780,796,17
V_3790,780,781,2
V_3791,780,783,4
V_3792,780,783,4
V_3793,780,781,2
V_3794,780,787,8
V_3795,780,814,35
V_3796,780,787,8
V_3798,780,786,7
V_3799,780,814,35
V_3800,780,786,7
V_3801,780,782,3
V_3802,780,786,7
V_3803,780,814,35
V_3804,780,798,19
V_3805,780,814,35
V_3806,780,784,5
V_3807,780,785,6
V_3808,780,787,8
V_3809,780,814,35
V_3810,780,790,11
V_3811,780,806,27
V_3812,780,809,30
V_3813,780,784,5
V_3814,780,786,7
V_3815,780,786,7
V_3816,780,780,1
V_3818,780,784,5
V_3819,780,797,18
V_3820,780,780,1
V_3821,781,784,4
V_3822,781,796,16
V_3823,781,785,5
V_3824,781,790,10
V_3825,781,794,14
V_3826,781,791,11
V_3827,781,789,9
V_3828,781,790,10
V_3829,781,781,1
V_3830,781,814,34
V_3831,781,782,2
V_3832,781,787,7
V_3833,781,814,34
V_3834,781,787,7
V_3835,781,799,19
V_3836,781,800,20
V_3837,781,799,19
V_3838,781,784,4
V_3839,781,792,12
V_3840,781,781,1
V_3841,781,791,11
V_3843,781,781,1
V_3844,781,782,2
V_3845,781,782,2
V_3846,781,785,5
V_3847,781,814,34
V_3848,781,793,13
V_3849,781,781,1
V_3850,781,784,4
V_3851,781,789,9
V_3852,781,787,7
V_3853,781,814,34
V_3854,781,789,9
V_3855,781,791,11
V_3856,781,783,3
V_3857,782,784,3
V_3858,782,814,33
V_3859,782,814,33
V_3860,782,785,4
V_3861,782,783,2
V_3862,782,786,5
V_3863,782,784,3
V_3864,782,785,4
V_3865,782,782,1
V_3866,782,785,4
V_3867,782,787,6
V_3868,782,788,7
V_3869,782,814,33
V_3870,782,814,33
V_3871,782,787,6
V_3872,782,796,15
V_3873,782,790,9
V_3874,782,802,21
V_3875,782,787,6
V_3876,782,784,3
V_3877,782,796,15
V_3878,782,782,1
V_3879,782,812,31
V_3880,782,788,7
V_3881,782,791,10
V_3882,782,786,5
V_3883,782,787,6
V_3884,782,814,33
V_3885,782,814,33
V_3886,782,784,3
V_3887,782,782,1
V_3888,782,814,33
V_3889,782,814,33
V_3890,782,784,3
V_3891,782,814,33
V_3892,782,792,11
V_3893,782,805,24
V_3894,783,788,6
V_3895,783,814,32
V_3896,783,792,10
V_3897,783,791,9
V_3898,783,788,6
V_3899,783,789,7
V_3900,783,803,21
V_3901,783,814,32
V_3902,783,786,4
V_3904,783,791,9
V_3905,783,785,3
V_3906,783,814,32
V_3907,783,784,2
V_3908,783,794,12
V_3909,783,783,1
V_3910,783,785,3
V_3911,783,784,2
V_3912,783,805,23
V_3913,783,783,1
V_3914,783,814,32
V_3915,783,792,10
V_3916,783,814,32
V_3917,783,791,9
V_3918,783,800,18
V_3919,783,806,24
V_3920,783,803,21
V_3921,783,790,8
V_3922,783,783,1
V_3923,783,796,14
V_3924,783,784,2
V_3925,783,800,18
V_3926,783,814,32
V_3927,783,795,13
V_3928,783,786,4
V_3929,783,788,6
V_3930,783,814,32
V_3931,783,814,32
V_3932,783,790,8
V_3934,783,807,25
V_3935,783,788,6
V_3936,783,783,1
V_3937,783,795,13
V_3938,783,785,3
V_3939,783,814,32
V_3940,783,789,7
V_3941,783,785,3
V_3942,783,793,11
V_3944,783,787,5
V_3945,783,786,4
V_3946,783,788,6
V_3947,783,786,4
V_3948,783,784,2
V_3949,783,784,2
V_3950,783,783,1
V_3951,783,814,32
V_3952,783,814,32
V_3953,783,812,30
V_3954,783,791,9
V_3955,783,814,32
V_3956,783,814,32
V_3957,783,801,19
V_3958,783,787,5
V_3959,783,814,32
V_3960,783,788,6
V_3961,784,784,1
V_3963,784,814,31
V_3964,784,814,31
V_3965,784,788,5
V_3966,784,790,7
V_3967,784,789,6
V_3968,784,810,27
V_3969,784,814,31
V_3970,784,790,7
V_3971,784,814,31
V_3972,784,795,12
V_3973,784,814,31
V_3974,784,787,4
V_3975,784,785,2
V_3976,784,797,14
V_3977,784,792,9
V_3979,784,797,14
V_3980,784,784,1
V_3981,784,788,5
V_3982,784,787,4
V_3983,784,786,3
V_3984,784,785,2
V_3985,784,785,2
V_3986,784,814,31
V_3988,784,792,9
V_3989,784,799,16
V_3990,784,786,3
V_3991,784,795,12
V_3992,784,789,6
V_3993,784,785,2
V_3994,784,814,31
V_3995,784,786,3
V_3996,784,814,31
V_3997,784,788,5
V_3998,784,786,3
V_3999,784,788,5
V_4000,784,784,1
V_4001,784,814,31
V_4002,784,790,7
V_4003,784,792,9
V_4004,784,791,8
V_4005,784,806,23
V_4006,784,787,4
V_4007,784,802,19
V_4008,784,787,4
V_4009,784,785,2
V_4010,784,814,31
V_4011,784,787,4
V_4012,784,814,31
V_4013,784,785,2
V_4014,784,799,16
V_4015,784,802,19
V_4016,784,784,1
V_4017,784,792,9
V_4018,784,785,2
V_4019,784,787,4
V_4020,784,814,31
V_4021,784,794,11
V_4022,784,814,31
V_4023,784,786,3
V_4024,784,784,1
V_4025,784,785,2
V_4026,784,785,2
V_4027,784,784,1
V_4028,784,814,31
V_4029,784,794,11
V_4030,785,785,1
V_4031,785,793,9
V_4032,785,789,5
V_4033,785,787,3
V_4034,785,800,16
V_4035,785,814,30
V_4036,785,791,7
V_4037,785,791,7
V_4038,785,788,4
V_4039,785,789,5
V_4040,785,796,12
V_4041,785,796,12
V_4042,785,796,12
V_4043,785,786,2
V_4044,785,798,14
V_4045,785,787,3
V_4046,785,814,30
V_4047,785,791,7
V_4048,785,788,4
V_4049,785,787,3
V_4050,785,790,6
V_4051,785,788,4
V_4052,785,789,5
V_4053,785,814,30
V_4054,785,814,30
V_4055,785,814,30
V_4056,785,788,4
V_4057,785,798,14
V_4058,785,803,19
V_4059,785,814,30
V_4060,785,795,11
V_4061,785,814,30
V_4062,785,795,11
V_4063,785,785,1
V_4064,785,793,9
V_4065,785,799,15
V_4066,785,796,12
V_4067,785,790,6
V_4068,785,813,29
V_4069,785,786,2
V_4070,785,786,2
V_4071,785,786,2
V_4072,785,814,30
V_4073,785,814,30
V_4074,785,789,5
V_4075,785,814,30
V_4076,785,785,1
V_4077,785,787,3
V_4078,785,793,9
V_4079,785,789,5
V_4080,785,787,3
V_4081,785,814,30
V_4082,785,785,1
V_4083,785,790,6
V_4084,785,785,1
V_4085,785,798,14
V_4086,785,785,1
V_4087,785,814,30
V_4088,785,796,12
V_4089,785,790,6
V_4090,785,792,8
V_4091,785,786,2
V_4092,785,789,5
V_4093,785,787,3
V_4094,785,787,3
V_4095,785,793,9
V_4096,785,790,6
V_4097,785,793,9
V_4098,785,792,8
V_4099,785,785,1
V_4100,785,800,16
V_4101,786,814,29
V_4102,786,786,1
V_4103,786,814,29
V_4104,786,787,2
V_4105,786,789,4
V_4106,786,814,29
V_4107,786,786,1
V_4108,786,802,17
V_4109,786,787,2
V_4110,786,787,2
V_4111,786,797,12
V_4112,786,814,29
V_4113,786,814,29
V_4114,786,802,17
V_4115,786,796,11
V_4116,786,786,1
V_4117,786,797,12
V_4118,786,814,29
V_4120,786,788,3
V_4121,786,792,7
V_4122,786,814,29
V_4123,786,791,6
V_4124,786,814,29
V_4125,786,787,2
V_4126,786,791,6
V_4127,786,799,14
V_4128,786,796,11
V_4129,786,799,14
V_4130,786,796,11
V_4131,786,787,2
V_4132,786,814,29
V_4133,786,786,1
V_4135,786,790,5
V_4136,786,794,9
V_4137,786,787,2
V_4138,786,814,29
V_4139,786,791,6
V_4140,786,789,4
V_4141,786,814,29
V_4142,786,814,29
V_4143,786,786,1
V_4144,786,791,6
V_4145,786,799,14
V_4146,786,788,3
V_4147,786,814,29
V_4148,786,794,9
V_4149,786,796,11
V_4150,786,787,2
V_4151,786,814,29
V_4152,786,789,4
V_4153,786,800,15
V_4154,786,787,2
V_4155,787,789,3
V_4156,787,792,6
V_4157,787,814,28
V_4158,787,799,13
V_4159,787,814,28
V_4160,787,787,1
V_4161,787,791,5
V_4162,787,797,11
V_4163,787,792,6
V_4164,787,802,16
V_4165,787,788,2
V_4167,787,789,3
V_4168,787,787,1
V_4169,787,789,3
V_4170,787,791,5
V_4171,787,790,4
V_4172,787,814,28
V_4173,787,814,28
V_4174,787,787,1
V_4175,787,787,1
V_4176,787,814,28
V_4177,787,790,4
V_4178,787,814,28
V_4179,787,788,2
V_4180,787,789,3
V_4181,787,797,11
V_4182,787,814,28
V_4183,787,795,9
V_4185,787,788,2
V_4186,787,798,12
V_4187,787,792,6
V_4188,787,789,3
V_4189,787,788,2
V_4190,787,813,27
V_4191,787,805,19
V_4192,787,814,28
V_4193,787,796,10
V_4194,787,796,10
V_4195,787,789,3
V_4196,787,803,17
V_4197,787,814,28
V_4198,787,793,7
V_4199,788,814,27
V_4200,788,796,9
V_4201,788,814,27
V_4202,788,791,4
V_4203,788,788,1
V_4204,788,795,8
V_4206,788,789,2
V_4207,788,804,17
V_4208,788,799,12
V_4209,788,795,8
V_4210,788,795,8
V_4211,788,793,6
V_4212,788,789,2
V_4213,788,791,4
V_4214,788,797,10
V_4215,788,788,1
V_4216,788,814,27
V_4217,788,793,6
V_4218,788,795,8
V_4219,788,814,27
V_4220,788,800,13
V_4221,788,801,14
V_4222,788,790,3
V_4223,788,788,1
V_4224,788,788,1
V_4225,788,796,9
V_4226,788,791,4
V_4227,788,805,18
V_4228,788,797,10
V_4229,788,807,20
V_4230,789,814,26
V_4231,789,789,1
V_4232,789,792,4
V_4233,789,792,4
V_4234,789,814,26
V_4235,789,797,9
V_4236,789,795,7
V_4238,789,790,2
V_4239,789,798,10
V_4240,789,791,3
V_4241,789,814,26
V_4242,789,803,15
V_4243,789,802,14
V_4244,789,795,7
V_4245,789,800,12
V_4246,790,791,2
V_4247,790,814,25
V_4248,790,814,25
V_4249,790,814,25
V_4250,790,791,2
V_4251,790,814,25
V_4252,790,803,14
V_4253,790,814,25
V_4254,790,803,14
V_4255,790,814,25
V_4256,790,790,1
V_4258,790,814,25
V_4259,790,814,25
V_4260,790,814,25
V_4261,791,795,5
V_4263,791,807,17
V_4264,791,795,5
V_4265,791,796,6
V_4266,791,814,24
V_4267,791,793,3
V_4268,791,814,24
V_4269,791,814,24
V_4270,791,814,24
V_4271,791,795,5
V_4273,792,814,23
V_4274,792,794,3
V_4275,793,814,22
V_4277,793,813,21
V_4278,793,799,7
V_4279,793,802,10
V_4280,793,814,22
V_4281,793,807,15
V_4282,793,795,3
V_4283,794,801,8
V_4284,794,804,11
V_4285,795,802,8
V_4286,796,797,2
V_4287,796,814,19
V_4288,796,796,1
V_4289,796,810,15
V_4290,796,814,19
V_4291,797,814,18
V_4292,799,810,12
V_4293,800,814,15
V_4294,800,810,11
V_4295,801,801,1
V_4296,801,803,3
V_4297,801,814,14
V_4298,801,814,14
V_4299,801,810,10
V_4300,801,801,1
V_4301,801,814,14
V_4302,801,814,14
V_4303,802,806,5
V_4304,802,803,2
V_4305,802,805,4
V_4306,802,813,12
V_4307,802,808,7
V_4309,802,809,8
V_4310,802,803,2
V_4311,802,808,7
V_4312,802,803,2
V_4313,802,802,1
V_4315,803,805,3
V_4316,803,803,1
V_4317,803,814,12
V_4318,803,814,12
V_4319,803,806,4
V_4320,803,810,8
V_4321,803,813,11
V_4322,803,809,7
V_4324,803,805,3
V_4325,803,808,6
V_4326,803,814,12
V_4327,803,814,12
V_4328,803,807,5
V_4329,803,813,11
V_4330,803,811,9
V_4331,803,814,12
V_4332,803,809,7
V_4333,803,805,3
V_4334,803,804,2
V_4335,803,813,11
V_4336,803,814,12
V_4337,803,811,9
V_4338,803,809,7
V_4339,803,803,1
V_4340,803,809,7
V_4341,803,808,6
V_4342,803,803,1
V_4343,803,805,3
V_4344,803,806,4
V_4345,803,805,3
V_4346,803,814,12
V_4347,803,809,7
V_4348,803,803,1
V_4349,803,814,12
V_4350,803,814,12
V_4351,803,814,12
V_4352,803,814,12
V_4353,803,808,6
V_4354,803,814,12
V_4355,803,814,12
V_4356,803,803,1
V_4357,803,814,12
V_4358,803,806,4
V_4359,804,814,11
V_4360,804,814,11
V_4361,804,807,4
V_4362,804,808,5
V_4363,804,806,3
V_4364,804,806,3
V_4365,804,805,2
V_4367,804,814,11
V_4368,804,810,7
V_4369,804,804,1
V_4370,804,811,8
V_4371,804,811,8
V_4372,804,805,2
V_4373,804,814,11
V_4374,804,806,3
V_4375,804,806,3
V_4376,804,805,2
V_4377,804,814,11
V_4378,804,810,7
V_4379,804,814,11
V_4380,804,806,3
V_4381,804,814,11
V_4382,804,814,11
V_4383,804,814,11
V_4384,804,814,11
V_4385,804,808,5
V_4386,804,811,8
V_4387,804,807,4
V_4388,804,814,11
V_4389,804,809,6
V_4391,804,814,11
V_4392,804,804,1
V_4393,804,805,2
V_4394,804,814,11
V_4395,804,814,11
V_4396,804,814,11
V_4397,804,806,3
V_4398,804,811,8
V_4399,804,814,11
V_4400,804,810,7
V_4401,804,810,7
V_4402,804,805,2
V_4403,804,814,11
V_4404,804,810,7
V_4405,804,807,4
V_4406,804,814,11
V_4407,804,810,7
V_4408,804,805,2
V_4409,804,814,11
V_4410,804,806,3
V_4411,804,806,3
V_4413,804,812,9
V_4414,804,814,11
V_4415,804,814,11
V_4416,804,814,11
V_4417,804,810,7
V_4418,804,812,9
V_4419,804,806,3
V_4420,804,814,11
V_4421,804,813,10
V_4422,804,810,7
V_4423,804,806,3
V_4424,804,814,11
V_4425,804,814,11
V_4426,804,813,10
V_4427,804,814,11
V_4428,804,806,3
V_4429,804,814,11
V_4430,804,814,11
V_4431,804,811,8
V_4432,804,804,1
V_4433,804,805,2
V_4434,804,814,11
V_4435,804,811,8
V_4436,804,814,11
V_4437,804,804,1
V_4438,805,808,4
V_4439,805,814,10
V_4440,805,808,4
V_4441,805,812,8
V_4442,805,814,10
V_4443,805,814,10
V_4444,805,814,10
V_4445,805,814,10
V_4447,805,809,5
V_4448,805,807,3
V_4449,805,805,1
V_4450,805,814,10
V_4452,805,808,4
V_4453,805,807,3
V_4454,805,814,10
V_4455,805,810,6
V_4456,805,814,10
V_4458,805,814,10
V_4459,805,809,5
V_4460,805,805,1
V_4461,805,807,3
V_4462,805,805,1
V_4463,805,814,10
V_4464,805,814,10
V_4465,805,814,10
V_4466,805,813,9
V_4467,805,811,7
V_4468,805,811,7
V_4469,805,808,4
V_4470,805,814,10
V_4471,805,814,10
V_4472,805,814,10
V_4473,805,814,10
V_4474,805,814,10
V_4475,805,806,2
V_4476,805,805,1
V_4477,805,805,1
V_4478,805,806,2
V_4479,805,805,1
V_4481,805,806,2
V_4482,805,814,10
V_4483,805,814,10
V_4484,805,805,1
V_4486,805,811,7
V_4487,805,813,9
V_4488,805,814,10
V_4489,805,806,2
V_4490,805,813,9
V_4491,805,805,1
V_4492,805,814,10
V_4493,805,814,10
V_4494,805,814,10
V_4495,805,805,1
V_4496,805,811,7
V_4497,805,814,10
V_4499,805,805,1
V_4500,805,805,1
V_4501,805,811,7
V_4502,805,809,5
V_4503,805,814,10
V_4504,805,814,10
V_4505,805,805,1
V_4506,805,806,2
V_4507,805,810,6
V_4508,805,806,2
V_4509,805,808,4
V_4510,805,805,1
V_4511,805,805,1
V_4512,805,811,7
V_4513,805,805,1
V_4514,805,805,1
V_4515,805,809,5
V_4516,805,814,10
V_4517,805,807,3
V_4518,805,814,10
V_4519,805,811,7
V_4520,805,814,10
V_4521,805,813,9
V_4522,805,805,1
V_4523,805,808,4
V_4524,805,814,10
V_4525,805,811,7
V_4526,805,813,9
V_4527,805,814,10
V_4528,805,814,10
V_4529,805,809,5
V_4530,805,814,10
V_4531,805,814,10
V_4532,805,806,2
V_4533,805,814,10
V_4534,805,814,10
V_4535,805,813,9
V_4536,805,814,10
V_4537,805,814,10
V_4538,805,814,10
V_4539,805,814,10
V_4540,805,808,4
V_4541,805,814,10
V_4542,805,814,10
V_4543,806,809,4
V_4544,806,810,5
V_4545,806,814,9
V_4546,806,809,4
V_4547,806,814,9
V_4548,806,806,1
V_4550,806,814,9
V_4551,806,814,9
V_4552,806,814,9
V_4553,806,809,4
V_4554,806,806,1
V_4555,806,814,9
V_4556,806,814,9
V_4557,806,813,8
V_4558,806,814,9
V_4559,806,807,2
V_4560,806,814,9
V_4561,806,806,1
V_4562,806,814,9
V_4563,806,806,1
V_4564,806,814,9
V_4565,806,814,9
V_4566,806,814,9
V_4567,806,809,4
V_4568,806,814,9
V_4569,806,814,9
V_4570,806,809,4
V_4571,806,807,2
V_4572,806,814,9
V_4573,806,808,3
V_4574,806,814,9
V_4575,806,814,9
V_4576,806,814,9
V_4577,806,814,9
V_4578,806,814,9
V_4579,806,807,2
V_4580,806,814,9
V_4581,806,814,9
V_4582,806,808,3
V_4583,806,807,2
V_4584,806,808,3
V_4585,806,806,1
V_4586,806,814,9
V_4587,806,808,3
V_4588,806,807,2
V_4589,806,811,6
V_4590,806,814,9
V_4591,806,806,1
V_4592,806,814,9
V_4593,806,814,9
V_4594,807,807,1
V_4595,807,810,4
V_4596,807,814,8
V_4597,807,814,8
V_4600,807,814,8
V_4601,807,814,8
V_4602,807,814,8
V_4603,807,808,2
V_4604,807,814,8
V_4605,807,814,8
V_4606,807,808,2
V_4607,807,814,8
V_4609,807,813,7
V_4610,807,814,8
V_4611,807,809,3
V_4612,807,814,8
V_4613,807,814,8
V_4614,807,809,3
V_4615,807,814,8
V_4616,807,808,2
V_4617,807,814,8
V_4618,807,814,8
V_4619,808,814,7
V_4620,808,814,7
V_4621,808,811,4
V_4622,808,814,7
V_4623,808,810,3
V_4624,809,814,6
V_4625,810,810,1
V_4626,810,814,5
V_4628,810,814,5
V_4629,811,812,2
V_4630,813,814,2
V_4631,813,814,2
V_4632,814,814,1
V_4633,814,814,1
V_4634,814,814,1
V_4635,814,814,1
V_4636,814,814,1
