hr,Density,Links,B,V,Size
1,0,0,1,1,2
2,0,0,1,1,2
3,0,0,1,1,2
4,0,0,1,1,2
5,0,0,1,1,2
6,0,0,1,1,2
7,0,0,1,1,2
8,0,0,1,1,2
9,0,0,1,1,2
10,0,0,1,1,2
11,0,0,1,1,2
12,0,0,1,1,2
13,0,0,1,1,2
14,0,0,1,1,2
15,0,0,1,1,2
16,0,0,1,1,2
17,0,0,1,2,3
18,0,0,1,3,4
19,0,0,1,7,8
20,1,20,1,20,21
21,0.9147540983606557,279,5,61,66
22,0.93,1395,10,150,160
23,0.9323529411764706,2853,12,255,267
24,0.9332351497299951,3802,14,291,305
25,0.9330669330669331,3736,14,286,300
26,0.9324175824175824,3394,14,260,274
27,0.9321133412042503,3158,14,242,256
28,0.9326337169939065,2755,14,211,225
29,0.9325396825396826,2585,14,198,212
30,0.9327507598784195,2455,14,188,202
31,0.9315300084530854,2204,14,169,183
32,0.9314096499526963,1969,14,151,165
33,0.9311594202898551,1799,14,138,152
34,0.930952380952381,1564,14,120,134
35,0.9311454311454311,1447,14,111,125
36,0.9306518723994452,1342,14,103,117
37,0.9309262166405023,1186,14,91,105
38,0.9302721088435374,1094,14,84,98
39,0.9303350970017636,1055,14,81,95
40,0.9304761904761905,977,14,75,89
41,0.9305555555555556,938,14,72,86
42,0.9307036247334755,873,14,67,81
43,0.9297052154195011,820,14,63,77
44,0.9297820823244553,768,14,59,73
45,0.9298245614035088,742,14,57,71
46,0.9298941798941799,703,14,54,68
47,0.929945054945055,677,14,52,66
48,0.9300595238095238,625,14,48,62
49,0.9300595238095238,625,14,48,62
50,0.9300595238095238,625,14,48,62
51,0.9300595238095238,625,14,48,62
52,0.9300595238095238,625,14,48,62
53,0.9300911854103343,612,14,47,61
54,0.9301587301587302,586,14,45,59
55,0.9302325581395349,560,14,43,57
56,0.9303571428571429,521,14,40,54
57,0.9304029304029304,508,14,39,53
58,0.9304029304029304,508,14,39,53
59,0.9305019305019305,482,14,37,51
60,0.9306122448979591,456,14,35,49
61,0.9306122448979591,456,14,35,49
62,0.930672268907563,443,14,34,48
63,0.930672268907563,443,14,34,48
64,0.930672268907563,443,14,34,48
65,0.930672268907563,443,14,34,48
66,0.930672268907563,443,14,34,48
67,0.930672268907563,443,14,34,48
68,0.930672268907563,443,14,34,48
69,0.9307359307359307,430,14,33,47
70,0.9307359307359307,430,14,33,47
71,0.9308035714285714,417,14,32,46
72,0.9308035714285714,417,14,32,46
73,0.9308035714285714,417,14,32,46
74,0.9308035714285714,417,14,32,46
75,0.9308035714285714,417,14,32,46
76,0.9308035714285714,417,14,32,46
77,0.9308035714285714,417,14,32,46
78,0.9308035714285714,417,14,32,46
79,0.9285714285714286,429,14,33,47
80,0.9285714285714286,429,14,33,47
81,0.9285714285714286,429,14,33,47
82,0.9285714285714286,429,14,33,47
83,0.9264705882352942,441,14,34,48
84,0.9264705882352942,441,14,34,48
85,0.9285714285714286,429,14,33,47
86,0.9285714285714286,429,14,33,47
87,0.9285714285714286,429,14,33,47
88,0.9285714285714286,429,14,33,47
89,0.9264705882352942,441,14,34,48
90,0.9244897959183673,453,14,35,49
91,0.9264705882352942,441,14,34,48
92,0.9264705882352942,441,14,34,48
93,0.9264705882352942,441,14,34,48
94,0.9313725490196079,475,15,34,49
95,0.9313725490196079,475,15,34,49
96,0.9295238095238095,488,15,35,50
97,0.9277777777777778,501,15,36,51
98,0.9261261261261261,514,15,37,52
99,0.9245614035087719,527,15,38,53
100,0.9245614035087719,527,15,38,53
101,0.9247863247863248,541,15,39,54
102,0.9191729323308271,489,14,38,52
103,0.9175824175824175,501,14,39,53
104,0.9160714285714285,513,14,40,54
105,0.9146341463414634,525,14,41,55
106,0.9157509157509157,500,14,39,53
107,0.9172932330827067,488,14,38,52
108,0.9157509157509157,500,14,39,53
109,0.9102990033222591,548,14,43,57
110,0.9098639455782312,535,14,42,56
111,0.9079365079365079,572,14,45,59
112,0.9057750759878419,596,14,47,61
113,0.90625,609,14,48,62
114,0.9083850931677019,585,14,46,60
115,0.9072948328267477,597,14,47,61
116,0.9072948328267477,597,14,47,61
117,0.906832298136646,584,14,46,60
118,0.9047619047619048,608,14,48,62
119,0.9028571428571428,632,14,50,64
120,0.9037900874635568,620,14,49,63
121,0.9047619047619048,608,14,48,62
122,0.9047619047619048,608,14,48,62
123,0.9037900874635568,620,14,49,63
124,0.9028571428571428,632,14,50,64
125,0.9037900874635568,620,14,49,63
126,0.9037900874635568,620,14,49,63
127,0.9037900874635568,620,14,49,63
128,0.9037900874635568,620,14,49,63
129,0.9037900874635568,620,14,49,63
130,0.9028571428571428,632,14,50,64
131,0.9057750759878419,596,14,47,61
132,0.9057750759878419,596,14,47,61
133,0.9057750759878419,596,14,47,61
134,0.9057750759878419,596,14,47,61
135,0.9057750759878419,596,14,47,61
136,0.9032738095238095,607,14,48,62
137,0.9042553191489362,595,14,47,61
138,0.9008746355685131,618,14,49,63
139,0.9008746355685131,618,14,49,63
140,0.9017857142857143,606,14,48,62
141,0.9027355623100304,594,14,47,61
142,0.9049645390070922,638,15,47,62
143,0.9027777777777778,650,15,48,63
144,0.9049645390070922,638,15,47,62
145,0.9049645390070922,638,15,47,62
146,0.9027777777777778,650,15,48,63
147,0.9020408163265307,663,15,49,64
148,0.9013333333333333,676,15,50,65
149,0.9020408163265307,663,15,49,64
150,0.9020408163265307,663,15,49,64
151,0.9,675,15,50,65
152,0.8980392156862745,687,15,51,66
153,0.8974358974358975,700,15,52,67
154,0.8974358974358975,700,15,52,67
155,0.8993464052287582,688,15,51,66
156,0.8974358974358975,700,15,52,67
157,0.8955974842767296,712,15,53,68
158,0.8955974842767296,712,15,53,68
159,0.8943396226415095,711,15,53,68
160,0.8985849056603774,762,16,53,69
161,0.8930817610062893,710,15,53,68
162,0.8930817610062893,710,15,53,68
163,0.8930817610062893,710,15,53,68
164,0.8948717948717949,698,15,52,67
165,0.8982843137254902,733,16,51,67
166,0.9,720,16,50,66
167,0.8966346153846154,746,16,52,68
168,0.8966346153846154,746,16,52,68
169,0.8973471741637832,778,17,51,68
170,0.8973471741637832,778,17,51,68
171,0.8973471741637832,778,17,51,68
172,0.8973471741637832,778,17,51,68
173,0.8973471741637832,778,17,51,68
174,0.8959276018099548,792,17,52,69
175,0.9006410256410257,843,18,52,70
176,0.8915094339622641,756,16,53,69
177,0.8918269230769231,742,16,52,68
178,0.8918269230769231,742,16,52,68
179,0.8918269230769231,742,16,52,68
180,0.8926886792452831,757,16,53,69
181,0.8938679245283019,758,16,53,69
182,0.8954326923076923,745,16,52,68
183,0.8954326923076923,745,16,52,68
184,0.8954326923076923,745,16,52,68
185,0.8954326923076923,745,16,52,68
186,0.889308176100629,707,15,53,68
187,0.8910256410256411,695,15,52,67
188,0.8910256410256411,695,15,52,67
189,0.8928104575163399,683,15,51,66
190,0.8928104575163399,683,15,51,66
191,0.8935897435897436,697,15,52,67
192,0.8935897435897436,697,15,52,67
193,0.8935897435897436,697,15,52,67
194,0.8981481481481481,776,16,54,70
195,0.8896969696969697,734,15,55,70
196,0.8896969696969697,734,15,55,70
197,0.8896969696969697,734,15,55,70
198,0.8892857142857142,747,15,56,71
199,0.8896969696969697,734,15,55,70
200,0.8896969696969697,734,15,55,70
201,0.8896969696969697,734,15,55,70
202,0.8896969696969697,734,15,55,70
203,0.8896969696969697,734,15,55,70
204,0.8896969696969697,734,15,55,70
205,0.888095238095238,746,15,56,71
206,0.8931818181818182,786,16,55,71
207,0.8923611111111112,771,16,54,70
208,0.8923611111111112,771,16,54,70
209,0.8931818181818182,786,16,55,71
210,0.8928571428571429,800,16,56,72
211,0.8928571428571429,800,16,56,72
212,0.8928571428571429,800,16,56,72
213,0.8946759259259259,773,16,54,70
214,0.8928571428571429,800,16,56,72
215,0.8928571428571429,800,16,56,72
216,0.8925438596491229,814,16,57,73
217,0.8925438596491229,814,16,57,73
218,0.8928571428571429,800,16,56,72
219,0.8928571428571429,800,16,56,72
220,0.8943181818181818,787,16,55,71
221,0.8943181818181818,787,16,55,71
222,0.8943181818181818,787,16,55,71
223,0.8954545454545455,788,16,55,71
224,0.8954545454545455,788,16,55,71
225,0.8954545454545455,788,16,55,71
226,0.8939732142857143,801,16,56,72
227,0.8954545454545455,788,16,55,71
228,0.8947368421052632,816,16,57,73
229,0.8947368421052632,816,16,57,73
230,0.8947368421052632,816,16,57,73
231,0.8943965517241379,830,16,58,74
232,0.8947368421052632,816,16,57,73
233,0.8965909090909091,789,16,55,71
234,0.8965909090909091,789,16,55,71
235,0.8965909090909091,789,16,55,71
236,0.8965909090909091,789,16,55,71
237,0.9016042780748663,843,17,55,72
238,0.9012605042016807,858,17,56,73
239,0.9016042780748663,843,17,55,72
240,0.9016042780748663,843,17,55,72
241,0.9016042780748663,843,17,55,72
242,0.9016042780748663,843,17,55,72
243,0.8991596638655462,856,17,56,73
244,0.8991596638655462,856,17,56,73
245,0.8991596638655462,856,17,56,73
246,0.8983957219251337,840,17,55,72
247,0.8958333333333334,774,16,54,70
248,0.8958333333333334,774,16,54,70
249,0.8962264150943396,760,16,53,69
250,0.8935185185185185,772,16,54,70
251,0.8920454545454546,785,16,55,71
252,0.8935185185185185,772,16,54,70
253,0.8935185185185185,772,16,54,70
254,0.8935185185185185,772,16,54,70
255,0.8935185185185185,772,16,54,70
256,0.8935185185185185,772,16,54,70
257,0.8935185185185185,772,16,54,70
258,0.8935185185185185,772,16,54,70
259,0.8931818181818182,786,16,55,71
260,0.8931818181818182,786,16,55,71
261,0.8931818181818182,786,16,55,71
262,0.8895089285714286,797,16,56,72
263,0.8881578947368421,810,16,57,73
264,0.8937048503611971,866,17,57,74
265,0.8937048503611971,866,17,57,74
266,0.8914807302231237,879,17,58,75
267,0.891640866873065,864,17,57,74
268,0.8873379860418744,890,17,59,76
269,0.8864097363083164,874,17,58,75
270,0.8843469591226321,887,17,59,76
271,0.8794599807135969,912,17,61,78
272,0.8813886210221794,914,17,61,78
273,0.8751131221719457,967,17,65,82
274,0.8802083333333334,1014,18,64,82
275,0.8826164874551972,985,18,62,80
276,0.8852459016393442,972,18,61,79
277,0.8879781420765027,975,18,61,79
278,0.891713747645951,947,18,59,77
279,0.891713747645951,947,18,59,77
280,0.8907721280602636,946,18,59,77
281,0.9025862068965518,1047,20,58,78
282,0.9008474576271186,1063,20,59,79
283,0.903968253968254,1139,21,60,81
284,0.9009216589861752,1173,21,62,83
285,0.9032006245120999,1157,21,61,82
286,0.8988095238095238,1208,21,64,85
287,0.89375,1144,20,64,84
288,0.89375,1144,20,64,84
289,0.89375,1144,20,64,84
290,0.89375,1144,20,64,84
291,0.8923076923076924,1160,20,65,85
292,0.89375,1144,20,64,84
293,0.89375,1144,20,64,84
294,0.896774193548387,1112,20,62,82
295,0.898360655737705,1096,20,61,81
296,0.898360655737705,1096,20,61,81
297,0.8959677419354839,1111,20,62,82
298,0.8959677419354839,1111,20,62,82
299,0.8944444444444445,1127,20,63,83
300,0.8921901528013583,1051,19,62,81
301,0.8921901528013583,1051,19,62,81
302,0.8921901528013583,1051,19,62,81
303,0.8921901528013583,1051,19,62,81
304,0.8938740293356342,1036,19,61,80
305,0.8913412563667232,1050,19,62,81
306,0.8913412563667232,1050,19,62,81
307,0.8913412563667232,1050,19,62,81
308,0.8913412563667232,1050,19,62,81
309,0.8862007168458781,989,18,62,80
310,0.8862007168458781,989,18,62,80
311,0.8862007168458781,989,18,62,80
312,0.8879781420765027,975,18,61,79
313,0.8852459016393442,918,17,61,78
314,0.8852459016393442,918,17,61,78
315,0.8852459016393442,918,17,61,78
316,0.8852459016393442,918,17,61,78
317,0.8852459016393442,918,17,61,78
318,0.8852459016393442,918,17,61,78
319,0.8852459016393442,918,17,61,78
320,0.8852459016393442,918,17,61,78
321,0.8852459016393442,918,17,61,78
322,0.8852459016393442,918,17,61,78
323,0.8852459016393442,918,17,61,78
324,0.8852459016393442,918,17,61,78
325,0.8852459016393442,918,17,61,78
326,0.8852459016393442,918,17,61,78
327,0.8852459016393442,918,17,61,78
328,0.8852459016393442,918,17,61,78
329,0.8823529411764706,930,17,62,79
330,0.8852459016393442,918,17,61,78
331,0.8852459016393442,918,17,61,78
332,0.8852459016393442,918,17,61,78
333,0.8852459016393442,918,17,61,78
334,0.8852459016393442,918,17,61,78
335,0.8852459016393442,918,17,61,78
336,0.8852459016393442,918,17,61,78
337,0.8852459016393442,918,17,61,78
338,0.8852459016393442,918,17,61,78
339,0.8872549019607843,905,17,60,77
340,0.8872549019607843,905,17,60,77
341,0.8872549019607843,905,17,60,77
342,0.8872549019607843,905,17,60,77
343,0.8872549019607843,905,17,60,77
344,0.8872549019607843,905,17,60,77
345,0.8872549019607843,905,17,60,77
346,0.8872549019607843,905,17,60,77
347,0.8872549019607843,905,17,60,77
348,0.8873379860418744,890,17,59,76
349,0.8833333333333333,901,17,60,77
350,0.8833333333333333,901,17,60,77
351,0.8833333333333333,901,17,60,77
352,0.8888888888888888,960,18,60,78
353,0.8888888888888888,960,18,60,78
354,0.8888888888888888,960,18,60,78
355,0.8888888888888888,960,18,60,78
356,0.8861566484517304,973,18,61,79
357,0.8861566484517304,973,18,61,79
358,0.8861566484517304,973,18,61,79
359,0.8835125448028673,986,18,62,80
360,0.8835125448028673,986,18,62,80
361,0.8835125448028673,986,18,62,80
362,0.8870673952641166,974,18,61,79
363,0.8810763888888888,1015,18,64,82
364,0.8810763888888888,1015,18,64,82
365,0.8827160493827161,1001,18,63,81
366,0.8827160493827161,1001,18,63,81
367,0.8827160493827161,1001,18,63,81
368,0.8810763888888888,1015,18,64,82
369,0.8742081447963801,966,17,65,82
370,0.8707664884135472,977,17,66,83
371,0.8683055311676909,989,17,67,84
372,0.865916955017301,1001,17,68,85
373,0.8627450980392157,1012,17,69,86
374,0.8588235294117647,1022,17,70,87
375,0.8574979287489644,1035,17,71,88
376,0.8583264291632146,1036,17,71,88
377,0.8583264291632146,1036,17,71,88
378,0.8512323943661971,967,16,71,87
379,0.8498263888888888,979,16,72,88
380,0.8498263888888888,979,16,72,88
381,0.8476027397260274,990,16,73,89
382,0.8421052631578947,1024,16,76,92
383,0.8381410256410257,1046,16,78,94
384,0.8433333333333334,1012,16,75,91
385,0.8441666666666666,1013,16,75,91
386,0.8454391891891891,1001,16,74,90
387,0.8498263888888888,979,16,72,88
388,0.8535714285714285,956,16,70,86
389,0.8512323943661971,967,16,71,87
390,0.852112676056338,968,16,71,87
391,0.8506944444444444,980,16,72,88
392,0.8506944444444444,980,16,72,88
393,0.848458904109589,991,16,73,89
394,0.848458904109589,991,16,73,89
395,0.8498263888888888,979,16,72,88
396,0.8498263888888888,979,16,72,88
397,0.8512323943661971,967,16,71,87
398,0.8512323943661971,967,16,71,87
399,0.852112676056338,968,16,71,87
400,0.852112676056338,968,16,71,87
401,0.852112676056338,968,16,71,87
402,0.852112676056338,968,16,71,87
403,0.852112676056338,968,16,71,87
404,0.852112676056338,968,16,71,87
405,0.852112676056338,968,16,71,87
406,0.852112676056338,968,16,71,87
407,0.852112676056338,968,16,71,87
408,0.852112676056338,968,16,71,87
409,0.852112676056338,968,16,71,87
410,0.852112676056338,968,16,71,87
411,0.8661971830985915,1107,18,71,89
412,0.8661971830985915,1107,18,71,89
413,0.8661971830985915,1107,18,71,89
414,0.8661971830985915,1107,18,71,89
415,0.8661971830985915,1107,18,71,89
416,0.8661971830985915,1107,18,71,89
417,0.8661971830985915,1107,18,71,89
418,0.8583264291632146,1036,17,71,88
419,0.8583264291632146,1036,17,71,88
420,0.852112676056338,968,16,71,87
421,0.852112676056338,968,16,71,87
422,0.852112676056338,968,16,71,87
423,0.852112676056338,968,16,71,87
424,0.852112676056338,968,16,71,87
425,0.852112676056338,968,16,71,87
426,0.852112676056338,968,16,71,87
427,0.852112676056338,968,16,71,87
428,0.852112676056338,968,16,71,87
429,0.852112676056338,968,16,71,87
430,0.852112676056338,968,16,71,87
431,0.852112676056338,968,16,71,87
432,0.8498263888888888,979,16,72,88
433,0.8498263888888888,979,16,72,88
434,0.8574979287489644,1035,17,71,88
435,0.8553921568627451,1047,17,72,89
436,0.8470588235294118,1080,17,75,92
437,0.8581081081081081,1143,18,74,92
438,0.8482905982905983,1191,18,78,96
439,0.8500999333777481,1276,19,79,98
440,0.8571428571428571,1476,21,82,103
441,0.8593073593073594,1588,22,84,106
442,0.8496503496503497,1701,22,91,113
443,0.8473320158102767,1715,22,92,114
444,0.8399814471243042,1811,22,98,120
445,0.8319964349376114,1867,22,102,124
446,0.8284734133790738,1932,22,106,128
447,0.8284371327849589,2115,23,111,134
448,0.8205953338696702,2040,22,113,135
449,0.8177933177933178,2105,22,117,139
450,0.8170261941448382,2121,22,118,140
451,0.8284313725490197,2366,24,119,143
452,0.8305084745762712,2352,24,118,142
453,0.8382072472981564,2637,26,121,147
454,0.8340983606557377,2544,25,122,147
455,0.8312324929971989,2374,24,119,143
456,0.832520325203252,2560,25,123,148
457,0.8401144310235219,2643,26,121,147
458,0.8375384615384616,2722,26,125,151
459,0.8305691056910569,2554,25,123,148
460,0.833,2499,25,120,145
461,0.8264585655890003,2224,23,117,140
462,0.8283752860411899,2172,23,114,137
463,0.8333333333333334,2300,24,115,139
464,0.8355654761904762,2246,24,112,136
465,0.8348082595870207,2264,24,113,137
466,0.8363363363363363,2228,24,111,135
467,0.8432727272727273,2319,25,110,135
468,0.8417857142857142,2357,25,112,137
469,0.8410619469026549,2376,25,113,138
470,0.8468406593406593,2466,26,112,138
471,0.8407079646017699,2375,25,113,138
472,0.8421621621621621,2337,25,111,136
473,0.8432727272727273,2319,25,110,135
474,0.8503881439661256,2410,26,109,135
475,0.8539094650205762,2490,27,108,135
476,0.8546209761163032,2469,27,107,134
477,0.8549965059399022,2447,27,106,133
478,0.8501451378809869,2343,26,106,132
479,0.8441509433962264,2237,25,106,131
480,0.8441509433962264,2237,25,106,131
481,0.8461538461538461,2200,25,104,129
482,0.8461538461538461,2200,25,104,129
483,0.8461538461538461,2200,25,104,129
484,0.8405448717948718,2098,24,104,128
485,0.8340301003344481,1995,23,104,127
486,0.8340301003344481,1995,23,104,127
487,0.8281385281385282,1913,22,105,127
488,0.8213151927437642,1811,21,105,126
489,0.8213151927437642,1811,21,105,126
490,0.8188696039163329,1840,21,107,128
491,0.8222768222768223,2008,22,111,133
492,0.8159588159588159,1902,21,111,132
493,0.8120300751879699,1944,21,114,135
494,0.8075060532687651,2001,21,118,139
495,0.8051587301587302,2029,21,120,141
496,0.8097507331378299,2209,22,124,146
497,0.8170434782608695,2349,23,125,148
498,0.8106657122405154,2265,22,127,149
499,0.8157190635451504,2439,23,130,153
500,0.8057851239669421,2340,22,132,154
501,0.7931873479318735,2282,21,137,158
502,0.7981947130883301,2476,22,141,163
503,0.8020989505247377,2675,23,145,168
504,0.7954545454545454,2555,22,146,168
505,0.7916917519566526,2630,22,151,173
506,0.7882697947214077,2688,22,155,177
507,0.809873417721519,3199,25,158,183
508,0.810062893081761,3220,25,159,184
509,0.8144522144522145,3494,26,165,191
510,0.8211770052260849,3614,27,163,190
511,0.8294557540506855,3993,29,166,195
512,0.8253724802804557,3767,28,163,191
513,0.8242254733218589,3831,28,166,194
514,0.8265625,3703,28,160,188
515,0.8235930735930735,3805,28,165,193
516,0.8298990748528174,3947,29,164,193
517,0.8271732397274417,4006,29,167,196
518,0.8294901628940131,3921,29,163,192
519,0.8290580319596299,3943,29,164,193
520,0.8290670615612439,3919,29,163,192
521,0.8308392973324659,3831,29,159,188
522,0.8319789150010982,3788,29,157,186
523,0.8315146224356177,3810,29,158,187
524,0.8333704115684093,3746,29,155,184
525,0.8331122900088417,3769,29,156,185
526,0.8352490421455939,3706,29,153,182
527,0.83603562457182,3661,29,151,180
528,0.8368433233047906,3616,29,149,178
529,0.837907576823833,3572,29,147,176
530,0.8392390011890607,3529,29,145,174
531,0.8395593869731801,3506,29,144,173
532,0.8393199233716475,3505,29,144,173
533,0.8393199233716475,3505,29,144,173
534,0.8402136959689169,3460,29,142,171
535,0.8410369283443385,3439,29,141,170
536,0.8410369283443385,3439,29,141,170
537,0.8410369283443385,3439,29,141,170
538,0.8410369283443385,3439,29,141,170
539,0.8416256157635468,3417,29,140,169
540,0.8427189283056313,3397,29,139,168
541,0.8441983387868109,3354,29,137,166
542,0.8401981230448383,3223,28,137,165
543,0.8360566448801743,3070,27,136,163
544,0.8360566448801743,3070,27,136,163
545,0.8297511312217195,2934,26,136,162
546,0.8297511312217195,2934,26,136,162
547,0.8297511312217195,2934,26,136,162
548,0.8297511312217195,2934,26,136,162
549,0.8304843304843305,2915,26,135,161
550,0.825,2805,25,136,161
551,0.825,2805,25,136,161
552,0.8256934306569343,2828,25,137,162
553,0.818734793187348,2692,24,137,161
554,0.818734793187348,2692,24,137,161
555,0.8194444444444444,2714,24,138,162
556,0.818734793187348,2692,24,137,161
557,0.818734793187348,2692,24,137,161
558,0.8201438848920863,2736,24,139,163
559,0.8194444444444444,2714,24,138,162
560,0.8202380952380952,2756,24,140,164
561,0.837245696400626,3210,27,142,169
562,0.8383141762452108,3282,27,145,172
563,0.8523809523809524,3938,30,154,184
564,0.858027006751688,4575,31,172,203
565,0.8674985145573381,5840,34,198,232
566,0.8810875737060494,8069,38,241,279
567,0.8873798965262379,9605,41,264,305
568,0.8903030303030303,10283,42,275,317
569,0.891751714907144,10660,43,278,321
570,0.8920454545454546,10519,44,268,312
571,0.89398118105126545,11021,46,268,314
572,0.8898326898326898,10371,45,259,304
573,0.8882024882024881,10352,45,259,304
574,0.8883399209486166,10788,48,253,301
575,0.8854484322464619,11324,49,261,310
576,0.8855623543123543,12157,52,264,316
577,0.8821326283322317,12012,51,267,318
578,0.8825021132713441,12528,52,273,325
579,0.8786713286713287,12565,52,275,327
580,0.8785794497473329,12518,52,274,326
581,0.878698224852071,12474,52,273,325
582,0.879069432440219,12205,52,267,319
583,0.8801257108650105,11762,52,257,309
584,0.8812576312576312,11548,52,252,304
585,0.8825217121588089,11381,52,248,300
586,0.8834935897435897,11026,52,240,292
587,0.8838881706528765,10939,52,238,290
588,0.8858165256994145,10892,53,232,285
589,0.8856439704675964,10796,53,230,283
590,0.883294802637212,10316,51,229,280
591,0.8832091788680537,10315,51,229,280
592,0.8873692016148966,10770,53,229,282
593,0.8871775125144398,11520,53,245,298
594,0.8893428668709568,13060,55,267,322
595,0.892343658679135,15268,59,290,349
596,0.8892380608933079,17261,59,329,388
597,0.8857412653446648,18760,60,353,413
598,0.8859123017459682,19941,61,369,430
599,0.8906522497384025,20428,61,376,437
600,0.8890724877157891,20446,61,377,438
601,0.8929939175489975,23784,69,386,455
602,0.8852171030825323,26707,70,431,501
603,0.8796874071432816,29605,71,474,545
604,0.876207729468599,31922,72,506,578
605,0.8772613339145597,32199,74,496,570
606,0.8784624873836492,31333,74,482,556
607,0.8794359576968273,29936,74,460,534
608,0.8808932250636287,29073,74,446,520
609,0.8812718600953895,27716,74,425,499
610,0.8831440135787962,27056,74,414,488
611,0.8846440425387794,26120,74,399,473
612,0.885240162442235,25286,74,386,460
613,0.8864365684946159,24861,74,379,453
614,0.886901726524368,24349,74,371,445
615,0.889615728328865,24887,75,373,448
616,0.8913058856819468,25199,76,372,448
617,0.8921975122502827,26037,77,379,456
618,0.8901978283504388,29924,83,405,488
619,0.8818994835621615,35007,85,467,552
620,0.8737808244387192,37985,88,494,582
621,0.8719895808039557,39502,89,509,598
622,0.8738822487826472,39482,90,502,592
623,0.8754277891854894,38370,90,487,577
624,0.8796515355871493,39784,91,497,588
625,0.8830382661162274,44491,94,536,630
626,0.8865727337064917,55120,99,628,727
627,0.8881830985915493,63061,100,710,810
628,0.8885793871866295,63800,100,718,818
629,0.8899856115107914,61854,100,695,795
630,0.8897800586510264,60683,100,682,782
631,0.8909457364341086,57466,100,645,745
632,0.8921463414634146,54867,100,615,715
633,0.8925496688741722,53910,100,604,704
634,0.8923679727427598,52382,100,587,687
635,0.8920774647887324,50670,100,568,668
636,0.8927838827838828,48746,100,546,646
637,0.893733583489681,47636,100,533,633
638,0.8935260115606937,46374,100,519,619
639,0.893373253493014,44758,100,501,601
640,0.8943089430894309,44000,100,492,592
641,0.8948856548856549,43044,100,481,581
642,0.8955696202531646,42450,100,474,574
643,0.89637339055794,41771,100,466,566
644,0.8959307359307359,41392,100,462,562
645,0.8965630043180529,41111,101,454,555
646,0.8966389912533854,40390,101,446,547
647,0.8973897389738974,39880,101,440,541
648,0.8969304675342249,39769,101,439,540
649,0.8969614202799591,39408,101,435,536
650,0.8986013986013986,39321,102,429,531
651,0.8976272570547137,39571,103,428,531
652,0.8944750399715757,40280,104,433,537
653,0.8924053365571435,41338,106,437,543
654,0.8930378118837349,41662,107,436,543
655,0.8889715608465608,43012,108,448,556
656,0.8854225070084101,44218,110,454,564
657,0.8827768114833999,46186,113,463,576
658,0.8796836753906986,46720,113,470,583
659,0.8788466819221968,48007,115,475,590
660,0.8783890160183067,47982,115,475,590
661,0.8775681341719077,48139,115,477,592
662,0.8761637892072675,48465,115,481,596
663,0.8766498855835241,47887,115,475,590
664,0.8765619291194738,47983,115,476,591
665,0.8798066318653041,47865,116,469,585
666,0.8816277345198369,47555,116,465,581
667,0.8811155977087051,46915,115,463,578
668,0.8814263920671244,46222,114,460,574
669,0.8832985547569364,45716,114,454,568
670,0.8833544504276212,44620,112,451,563
671,0.8851730404551201,44811,113,448,561
672,0.8863050121036549,44668,113,446,559
673,0.8849449936224489,44403,112,448,560
674,0.8851984126984127,44614,112,450,562
675,0.8860375275938189,44954,112,453,565
676,0.8883669252660715,45575,113,454,567
677,0.8882773382257386,46480,114,459,573
678,0.8871858446973966,47232,114,467,581
679,0.8882751376412634,49047,116,476,592
680,0.8885731612232521,51284,119,485,604
681,0.8864936793080506,53296,120,501,621
682,0.8874382273234497,55669,123,510,633
683,0.8867104440275172,56714,123,520,643
684,0.883468504177084,57952,124,529,653
685,0.8799088771310993,59869,126,540,666
686,0.8773514674302075,61283,127,550,677
687,0.8763895313792281,62519,129,553,682
688,0.8758153502339548,62704,129,555,684
689,0.8764727282903758,62638,129,554,683
690,0.8757870875661153,62589,129,554,683
691,0.8785654126895003,62589,130,548,678
692,0.8797741707833451,62332,130,545,675
693,0.8808550185873606,61607,130,538,668
694,0.881578947368421,60970,130,532,662
695,0.8813042220936957,60951,130,532,662
696,0.883111954459203,60502,130,527,657
697,0.8834681570819238,60067,130,523,653
698,0.8845273047563124,60254,131,520,651
699,0.8854516291917902,59621,131,514,645
700,0.885748828774369,58610,130,509,639
701,0.8868697638994669,58223,130,505,635
702,0.8869200244200244,58111,130,504,634
703,0.8879549204570218,57044,129,498,627
704,0.8883627156789198,56841,129,496,625
705,0.8887155732022437,56405,129,492,621
706,0.8893520875763747,55894,128,491,619
707,0.8893602715163934,55553,128,488,616
708,0.8897087191358025,55347,128,486,614
709,0.8897551546391752,55236,128,485,613
710,0.8896987133381283,55664,129,485,614
711,0.8890802947650492,55740,129,486,615
712,0.887406277798958,55864,129,488,617
713,0.8862414008755473,56684,130,492,622
714,0.8829863715928983,56497,129,496,625
715,0.8800726452905812,56212,128,499,627
716,0.8737324607947176,59281,132,514,646
717,0.8641688490890147,61375,133,534,667
718,0.8569243156199678,63858,135,552,687
719,0.8475728782884105,65564,135,573,708
720,0.842802650070267,67168,136,586,722
721,0.8412244897959184,70074,140,595,735
722,0.8382261904761905,70411,140,600,740
723,0.8387550679704269,70338,140,599,739
724,0.8431486880466472,69408,140,588,728
725,0.8447136965804167,69438,141,583,724
726,0.8487138106416275,69418,142,576,718
727,0.8498061539971536,69266,142,574,716
728,0.8508771929824561,68870,142,570,712
729,0.8526735635049233,68410,142,565,707
730,0.8550751926891115,68117,142,561,703
731,0.8554325955734406,68024,142,560,702
732,0.8560054423139912,67948,142,559,701
733,0.8561062259064224,67956,142,559,701
734,0.855781089414183,66614,140,556,696
735,0.8530867346938775,66882,140,560,700
736,0.854393627954779,66506,140,556,696
737,0.8533282130056323,66662,140,558,698
738,0.8541420901846546,70957,146,569,715
739,0.8442262895174709,76107,150,601,751
740,0.84038906243661,82859,157,628,785
741,0.8288888888888889,89520,160,675,835
742,0.8270683883309421,95117,165,697,862
743,0.8220867557534031,98985,167,721,888
744,0.8232307451960631,105390,173,740,913
745,0.8245767390504233,107538,176,741,917
746,0.828653808688876,106337,177,725,902
747,0.8307901037509976,104098,175,716,891
748,0.832484601581066,102990,174,711,885
749,0.8338910860967448,101417,173,703,876
750,0.8377700348432056,102187,175,697,872
751,0.8395744820999242,101968,174,698,872
752,0.8453610663999624,108191,178,719,897
753,0.8541302841302841,123251,185,780,965
754,0.8617959061706261,138432,194,828,1022
755,0.8658254156769596,145805,200,842,1042
756,0.8693730186685452,148089,204,835,1039
757,0.8697632711621234,145494,204,820,1024
758,0.869684405940594,140541,202,800,1002
759,0.8698375972741123,137597,201,787,988
760,0.8718482490272373,134439,200,771,971
761,0.8736122177954847,131566,200,753,953
762,0.8750067596798615,129445,201,736,937
763,0.8759471073007702,126591,201,719,920
764,0.8761319805467047,125385,201,712,913
765,0.8764053672316384,124099,200,708,908
766,0.876104167561454,122390,199,702,901
767,0.8765089816900595,121400,199,696,895
768,0.8774927113702624,120392,200,686,886
769,0.8772972010857474,118293,198,681,879
770,0.8766988701490094,117788,197,682,879
771,0.8779433142216221,118978,199,681,880
772,0.8776531838205847,118341,198,681,879
773,0.8779612347451543,118631,199,679,878
774,0.8777980813156693,119133,199,682,881
775,0.8754991778247592,119264,198,688,886
776,0.8718807713782588,121800,199,702,901
777,0.86989910000559,124493,201,712,913
778,0.8654259939859673,129511,205,730,935
779,0.8589403973509934,134888,208,755,963
780,0.8553223114316695,140408,211,778,989
781,0.852804498350295,146812,216,797,1013
782,0.8520233992233031,155991,223,821,1044
783,0.8455344733820774,167913,228,871,1099
784,0.8388717450520982,176153,228,921,1149
785,0.8340939778557926,185319,230,966,1196
786,0.833579699433358,189476,231,984,1215
787,0.8336773890093809,191424,231,994,1225
788,0.8374927886626767,190172,231,983,1214
789,0.8419510096528731,187878,231,966,1197
790,0.8438022710274019,186147,231,955,1186
791,0.8479017390868084,185905,233,941,1174
792,0.8513349799494746,181302,233,914,1147
793,0.8541439411621803,179313,233,901,1134
794,0.8556282905353005,177631,233,891,1124
795,0.8573629695876814,176393,233,883,1116
796,0.8589765751171738,173923,233,869,1102
797,0.8605402676091896,170430,233,850,1083
798,0.8611482594025183,167421,232,838,1070
799,0.86118930330753,166430,232,833,1065
800,0.8631952338848891,164014,232,819,1051
801,0.8627531472359059,163930,232,819,1051
802,0.8615295177441655,164497,232,823,1055
803,0.8560850569736091,174001,238,854,1092
804,0.8459532169075737,185526,241,910,1151
805,0.8351088911088911,208986,250,1001,1251
806,0.8328669950738916,211340,250,1015,1265
807,0.8336119402985075,209445,250,1005,1255
808,0.8352278944233037,206100,249,991,1240
809,0.8373517491113251,201641,248,971,1219
810,0.8409360713293426,199761,249,954,1203
811,0.8439401069518716,197271,250,935,1185
812,0.8469209444101379,193380,249,917,1166
813,0.8477414587154752,192723,249,913,1162
814,0.8496977777777778,191182,250,900,1150
