,t,R_mut
0,1,0.0
1,2,0.0
2,3,10.146118899460971
3,4,9.466981325042191
4,5,7.692532570938675
5,6,5.013185823379183
6,7,2.262014197641361
7,8,0.5828365198446294
8,9,0.12791280376941933
9,10,0.05462604460239403
10,11,0.027902044857892286
11,12,0.019922020893573946
12,13,0.01400182397711103
13,14,0.012822875516457988
14,15,0.016490341708114625
15,16,0.02908781487544644
16,17,0.061825676906022864
17,18,0.13875029341719672
18,19,0.29456855224811396
19,20,0.5282448259191348
20,21,0.7299946491909775
21,22,0.798646420933929
22,23,0.8018984679406999
23,24,0.8023133164122248
24,25,0.8024517447256547
25,26,0.80296028828125
26,27,0.8038772324499256
27,28,0.8051318985038262
28,29,0.8114914914388057
29,30,0.8186918919976487
30,31,0.8302836906575358
31,32,0.8485298458199687
32,33,0.8674125729588812
33,34,0.9039149202406682
34,35,0.9160401663965522
35,36,0.9630740015110103
36,37,1.0374955973258342
37,38,1.1655547000775066
38,39,1.2837846820945367
39,40,1.3776556459642018
40,41,1.500759826104279
41,42,1.6113406046986989
42,43,1.7025070996931797
43,44,1.7724190105147264
44,45,1.823013687744242
45,46,1.8579950378463277
46,47,1.8813137504460624
47,48,1.8963616978122635
48,49,1.9057492695059355
49,50,1.9113591073182614
50,51,1.9144911411799168
51,52,1.91601947173957
52,53,1.9165193305903852
53,54,1.9163576833000489
54,55,1.9157677787440899
55,56,1.9148860384713338
56,57,1.9137809651464919
57,58,1.9124777243746893
58,59,1.91095806084771
59,60,1.9091692449281357
60,61,1.907027709744066
61,62,1.904402586496813
62,63,1.8992062489643842
63,64,1.8944829375406536
64,65,1.8883671307807168
65,66,1.8804006843432923
66,67,1.869997424365703
67,68,1.8564374804161086
68,69,1.838847421655885
69,70,1.8162358946901804
70,71,1.7875419222620543
71,72,1.7517595804244022
72,73,1.7275460533957514
73,74,1.676531165972602
74,75,1.620090640818768
75,76,1.5441128798892385
76,77,1.4768869066016397
77,78,1.421137171649871
78,79,1.3609566507139463
79,80,1.2916196512262241
80,81,1.2825504673279728
81,82,1.2930486930365752
82,83,1.3204688755355694
83,84,1.3989140996714833
84,85,1.5991801512442236
85,86,1.748572505832014
86,87,1.8832733311439906
87,88,1.9812450421503645
88,89,2.0134664524152424
89,90,2.0397759000045372
90,91,2.0219796744037675
91,92,1.956037360989317
92,93,1.8759818298532147
93,94,1.7665439138787662
94,95,1.6568515390489094
95,96,1.5427814114252365
96,97,1.451286025431791
97,98,1.3126450450308673
98,99,1.2525061330783234
99,100,1.1802496338030657
100,101,1.0557542989133382
101,102,1.0382993547164472
102,103,0.997380804374668
103,104,0.9809047139263652
104,105,0.9572782132211874
105,106,0.9380846172785406
106,107,0.9225928749232436
107,108,0.9100476055606368
108,109,0.8981228312767217
109,110,0.8906508308563117
110,111,0.8843134736087604
111,112,0.8796133785642626
112,113,0.8769032958458385
113,114,0.8797605490248316
114,115,0.8909653100347436
115,116,0.9177727462361007
116,117,0.9746920305106979
117,118,1.0855254897094586
118,119,1.2789318706330892
119,120,1.5651254544438022
120,121,1.9022760108963903
121,122,2.2081537811641265
122,123,2.4260485047738434
123,124,2.554137896406743
124,125,2.608683873158366
125,126,2.638474588923963
126,127,2.6233003284424297
127,128,2.576534669663571
128,129,2.4882089385721375
129,130,2.408474867520081
130,131,2.011845174083757
131,132,1.8203871453735563
132,133,1.5853210212413944
133,134,1.3551309743331492
134,135,1.1631651347371599
135,136,1.0163243894693323
136,137,0.8919320864629245
137,138,0.8596646531420963
138,139,0.834955390533812
139,140,0.8299875759053527
140,141,0.8309404204429732
141,142,0.8500453992909287
142,143,0.9197246369532073
143,144,1.1092742615641455
144,145,1.4894808159536692
145,146,1.6869438917007837
146,147,1.9525067350428773
147,148,2.0820717907314976
148,149,2.1321013592656923
149,150,2.119807429438473
150,151,2.076374445795115
151,152,1.9416568138386203
152,153,1.8051436366071731
153,154,1.6699131203466389
154,155,1.279451227390694
155,156,1.0875575168117155
156,157,0.8828905345709074
157,158,0.8248611299899957
158,159,0.8162099792493385
159,160,0.8119995104420545
160,161,0.8116730399571019
161,162,0.8146282298013794
162,163,0.823790466032685
163,164,0.8991790515978813
164,165,0.9396348511023423
165,166,1.0739958123585323
166,167,1.2458329536571624
167,168,1.3538534923480043
168,169,1.480104708745674
169,170,1.5867739733229476
170,171,1.61816895239953
171,172,1.6367548220575345
172,173,1.6426440767230153
173,174,1.6467168868393431
174,175,1.3575209619114574
175,176,1.343819802409152
176,177,1.3388392596533552
177,178,1.3151409661244065
178,179,1.2360731432742285
179,180,1.1926315129562697
180,181,1.1032728559668874
181,182,1.0257815599513214
182,183,0.89489256234045
183,184,0.8155161183438365
184,185,0.7473141512824202
185,186,0.7235819850216998
186,187,0.7022795771954461
187,188,0.710794338776101
188,189,0.7348322008152721
189,190,0.7977662660791396
190,191,0.8189688655406205
191,192,0.8238304119441578
192,193,0.829903532809537
193,194,0.7773991911053086
194,195,0.629316097053026
195,196,0.362474623166272
196,197,0.1653647040907101
197,198,0.11842668036255861
198,199,0.1770451969617113
199,200,0.418841548964257
200,201,0.4924573267173346
201,202,0.6903322714667693
202,203,0.7233980010661462
203,204,0.7060802401241377
204,205,0.66723265170735
205,206,0.6620223564811475
206,207,0.6921640476681526
207,208,0.7507697111265342
208,209,0.7666720349695195
209,210,0.7286441722433513
210,211,0.6396298515797846
211,212,0.4957160199893091
212,213,0.4869240230880767
213,214,0.5014050465130404
214,215,0.5095492273003314
215,216,0.5115997675726213
216,217,0.5067560917931054
217,218,0.4947901973797569
218,219,0.4850765610086453
219,220,0.4630586685239149
220,221,0.45645672904138224
221,222,0.45064147793709136
222,223,0.443075456240783
223,224,0.4374437243078612
224,225,0.433546745647968
225,226,0.4310208495572417
226,227,0.43031111627389
227,228,0.43098692360894575
228,229,0.4312778371139256
229,230,0.43266629079455887
230,231,0.4344648064860751
231,232,0.43657645389759964
232,233,0.44030274778527856
233,234,0.4428901181912136
234,235,0.4455762458607753
235,236,0.448323181433941
236,237,0.45110129448828196
237,238,0.4520214505935683
238,239,0.4548072680996452
239,240,0.4575784818887505
240,241,0.46031688299955725
241,242,0.4630100723075058
242,243,0.46564723253423673
243,244,0.4682195788588673
244,245,0.4718125438014529
245,246,0.4742015425080456
246,247,0.476508764252642
247,248,0.47873051741931805
248,249,0.48086671169629264
249,250,0.48291476471759803
250,251,0.48487769629657984
251,252,0.48675803829696257
252,253,0.48855042484608413
253,254,0.49026124632832985
254,255,0.4918934949065704
255,256,0.4934485917991043
256,257,0.4949309540097654
257,258,0.49634389707057913
258,259,0.49769129791064853
259,260,0.49897787678711214
260,261,0.5002062717870656
261,262,0.5013817855018001
262,263,0.5025093259829294
263,264,0.503593530384872
264,265,0.5046376983818117
265,266,0.5056483620639338
266,267,0.506629846034649
267,268,0.5075873897788008
268,269,0.5085251191490174
269,270,0.5094483689304797
270,271,0.5103623240656865
271,272,0.5112736470500958
272,273,0.5121855018203587
273,274,0.5131043394977101
274,275,0.5140344233469483
275,276,0.5149835568194874
276,277,0.5159570553572684
277,278,0.5169608629004477
278,279,0.5180010430428352
279,280,0.5190839849401444
280,281,0.5202155254441352
281,282,0.5214045404387102
282,283,0.5226529825415851
283,284,0.5239744955396517
284,285,0.52537393323633
285,286,0.5268572721427529
286,287,0.5284325954448369
287,288,0.5301085312207117
288,289,0.5318902315235808
289,290,0.5337856679217305
290,291,0.5358027971123197
291,292,0.5379479554597546
292,293,0.5402267372511304
293,294,0.5426462660743995
294,295,0.5452098653630699
295,296,0.5479230860501532
296,297,0.5507889368760964
297,298,0.5538117170653662
298,299,0.5569874026755958
299,300,0.5603168864565775
300,301,0.5637992191097102
301,302,0.5674285976934793
302,303,0.5712005711351614
303,304,0.5751066503978721
304,305,0.5791379584848213
305,306,0.5832815036488891
306,307,0.5875258795840289
307,308,0.5918541140921945
308,309,0.5962525361099194
309,310,0.6007012173655203
310,311,0.6051821824074747
311,312,0.6096787495063973
312,313,0.6141680680211589
313,314,0.6186341949361583
314,315,0.6230557669400039
315,316,0.6274168377867478
316,317,0.6316974977446586
317,318,0.6358848329756243
318,319,0.639962873735175
319,320,0.6439202529426772
320,321,0.6477448629738907
321,322,0.6514293844528098
322,323,0.6549632961977295
323,324,0.6583458903529769
324,325,0.6615697564277363
325,326,0.6646349995786011
326,327,0.6675404615003945
327,328,0.6702871310865052
328,329,0.6728784026020098
329,330,0.6753158719422898
330,331,0.6776032490175921
331,332,0.679747445680544
332,333,0.681752125985944
333,334,0.683625051036642
334,335,0.6853703162460302
335,336,0.6869938235422522
336,337,0.6885049092233086
337,338,0.6899144844941109
338,339,0.6912165964088873
339,340,0.6924228216999052
340,341,0.6935420857798476
341,342,0.6945781267737982
342,343,0.6955378066375136
343,344,0.6964246437997298
344,345,0.6972467813993302
345,346,0.6980067093177096
346,347,0.6987089165550581
347,348,0.699360296747948
348,349,0.6999624305301597
349,350,0.7005199277876554
350,351,0.7010368602755838
351,352,0.701516007996335
352,353,0.7019601463665851
353,354,0.702371759799105
354,355,0.7027548907247037
355,356,0.7031105394681614
356,357,0.7034411304971959
357,358,0.7037531113817888
358,359,0.7040397940863474
359,360,0.7043076227697744
360,361,0.7045575003470752
361,362,0.7047914262539201
362,363,0.705009651037675
363,364,0.7052146600821803
364,365,0.7054072441893491
365,366,0.7055870932716394
366,367,0.7057604746129381
367,368,0.705918706807138
368,369,0.7060683391335597
369,370,0.7062094898726891
370,371,0.706342270627072
371,372,0.7064675582537031
372,373,0.70658600188596
373,374,0.7066965939611489
374,375,0.7068014653466029
375,376,0.7068998504609125
376,377,0.7069930843709755
377,378,0.707080089967836
378,379,0.7071618458024843
379,380,0.7072383648929738
380,381,0.7073093772112725
381,382,0.7073754389205497
382,383,0.7074367023999516
383,384,0.7075064275028295
384,385,0.7075569550755858
385,386,0.7076016527409806
386,387,0.7076421916044849
387,388,0.7076782373230314
388,389,0.7077074603156757
389,390,0.7077326254226465
390,391,0.7077525173758459
391,392,0.7077661328261884
392,393,0.7077749684174383
393,394,0.7077784088335017
394,395,0.7077740389247911
395,396,0.7077643254635524
396,397,0.707748749629495
397,398,0.707726383241288
398,399,0.7076966243619107
399,400,0.7076601276892801
400,401,0.7076161276535051
401,402,0.7075636134321973
402,403,0.7075034318484621
403,404,0.7074337622185146
404,405,0.7073557314301413
405,406,0.70726845037843
406,407,0.7071713316932127
407,408,0.7070637066352864
408,409,0.7069463868297486
409,410,0.7068168088647272
410,411,0.7066762890392321
411,412,0.7065242576130928
412,413,0.706358215989846
413,414,0.7061797901198572
414,415,0.705987803872131
415,416,0.7057816965504113
416,417,0.7055604223323583
417,418,0.7053237800853788
418,419,0.7050716985745913
419,420,0.7048022113093128
420,421,0.7045164601500613
421,422,0.7042119952822388
422,423,0.7038903771077492
423,424,0.7035501112975125
424,425,0.7031889719925732
425,426,0.702810200140303
426,427,0.7024087875324642
427,428,0.701988610747306
428,429,0.701546065063249
429,430,0.7010813790405929
430,431,0.7005946446590471
431,432,0.7000857026171802
432,433,0.6995540089525005
433,434,0.6989988454596904
434,435,0.6984201220692726
435,436,0.697817935703083
436,437,0.6971924788684712
437,438,0.6965432473556049
438,439,0.6958704175484403
439,440,0.6951739022439697
440,441,0.694454972509532
441,442,0.6937121457699983
442,443,0.6929472786931556
443,444,0.6921607785117813
444,445,0.6913517283147819
445,446,0.6905218064633937
446,447,0.6896724681469358
447,448,0.6888039779422301
448,449,0.6879161282626003
449,450,0.6870107589451274
450,451,0.6860881187494817
451,452,0.6851514485541316
452,453,0.6849113352491106
453,454,0.6839547890020916
454,455,0.6829857622282682
455,456,0.6813506704854748
456,457,0.6803536322899071
457,458,0.6797564924632806
458,459,0.6787437824017035
459,460,0.677726099380608
460,461,0.676702025433075
461,462,0.6756736179210375
462,463,0.6746420024321557
463,464,0.6736081677234443
464,465,0.6725718928586193
465,466,0.6715352215859289
466,467,0.6704982711181505
467,468,0.669462626733432
468,469,0.6684272181622019
469,470,0.6673948348107622
470,471,0.6663652634560934
471,472,0.6651703220035818
472,473,0.6641472979274791
473,474,0.663128007451591
474,475,0.6621131430653238
475,476,0.6611029303775561
476,477,0.6600973573132778
477,478,0.6586856568712507
478,479,0.6576924284708479
479,480,0.6567140916146893
480,481,0.655733030268604
481,482,0.6547574936228845
482,483,0.6537888228019737
483,484,0.6528269742723272
484,485,0.6518721475659839
485,486,0.6509254815961055
486,487,0.6499865649606462
487,488,0.6490573467598764
488,489,0.6481375480984746
489,490,0.6472277544336694
490,491,0.6463290385029314
491,492,0.6454418128571955
492,493,0.6445671138536176
493,494,0.6437061336234786
494,495,0.6428591074193438
495,496,0.6420275821659724
496,497,0.6412127317751926
497,498,0.6404147457584182
498,499,0.6396356578649134
499,500,0.6388757522956688
500,501,0.6381367731929163
501,502,0.6374201636564404
502,503,0.636726547984242
503,504,0.6360570088685747
504,505,0.6354134599549264
505,506,0.6347972974852512
506,507,0.6342095949055301
507,508,0.6336516051996494
508,509,0.6331248216037705
509,510,0.6326318964062358
510,511,0.6321736221075414
511,512,0.631752424086491
512,513,0.6313683071677824
513,514,0.6310257363552453
514,515,0.6307254275399233
515,516,0.6304691343970489
516,517,0.6302607817779777
517,518,0.6301007807556867
518,519,0.6299936353019181
519,520,0.629941605209812
520,521,0.6299466893177699
521,522,0.6300133582475839
522,523,0.6301441226681787
523,524,0.6303441346956483
524,525,0.6306149984978259
525,526,0.6309624309314805
526,527,0.631389615240252
527,528,0.6316207979417917
528,529,0.6321760973319395
529,530,0.6328213352425334
530,531,0.6335633051626742
531,532,0.6344078431948231
532,533,0.6353591865759279
533,534,0.6364236918490603
534,535,0.6376060686098612
535,536,0.6389116121404489
536,537,0.6403472559363826
537,538,0.641916853300943
538,539,0.6436262598804077
539,540,0.6454806534960386
540,541,0.6474841690987804
541,542,0.6496419585542439
542,543,0.6519567246677475
543,544,0.6544310103845506
544,545,0.6570674994292788
545,546,0.6598661984111461
546,547,0.662828415847356
547,548,0.6659512038400396
548,549,0.6692337251932734
549,550,0.6726699299365201
550,551,0.676255247725075
551,552,0.679982519297768
552,553,0.6838419698680394
553,554,0.6878242211965936
554,555,0.6919163113733217
555,556,0.6961052843578678
556,557,0.7003760221712793
557,558,0.7047123367774132
558,559,0.7090987064560411
559,560,0.7135162391293307
560,561,0.7179446443723776
561,562,0.7223682517201206
562,563,0.7267675829946462
563,564,0.7311225209400702
564,565,0.7354165403310016
565,566,0.7396335202596868
566,567,0.7437554607577151
567,568,0.7477675025490197
568,569,0.7516565593677478
569,570,0.7554096737711193
570,571,0.7590165171455114
571,572,0.7624687947219846
572,573,0.7657565943091621
573,574,0.7688752007371139
574,575,0.7718205527667386
575,576,0.7745891279885267
576,577,0.7771769517906482
577,578,0.779586634119098
578,579,0.7818157803440513
579,580,0.7838683853866493
580,581,0.785745703838863
581,582,0.7874506944764913
582,583,0.7889870253735026
583,584,0.7903588424615531
584,585,0.7915700733943674
585,586,0.7926273485806208
586,587,0.793536324333121
587,588,0.7943000499194887
588,589,0.7949246597944051
589,590,0.7954160147211806
590,591,0.795779648622993
591,592,0.7960211003734429
592,593,0.796144367530276
593,594,0.7961562405173442
594,595,0.7960611352378341
595,596,0.7958635928669829
596,597,0.7955690099317513
597,598,0.7951820345270171
598,599,0.794706774439334
599,600,0.7941488846047882
600,601,0.7935107462832103
601,602,0.7927968962642121
602,603,0.7920120865913608
603,604,0.7911611088658711
604,605,0.7902451237912745
605,606,0.7891341571083976
606,607,0.7880947457100798
607,608,0.7870026635379175
608,609,0.7858617948826937
609,610,0.784674736001609
610,611,0.7834452519057237
611,612,0.7821766979948666
612,613,0.7808712497943116
613,614,0.7795324113895105
614,615,0.7781625521981528
615,616,0.7767653589092888
616,617,0.7753441174838427
617,618,0.7739006800290551
618,619,0.7724385300255755
619,620,0.7709585829013204
620,621,0.7694658766203288
621,622,0.7679617077628731
622,623,0.766448094817018
623,624,0.7649284392676511
624,625,0.7634042402521801
625,626,0.7618775322920551
626,627,0.7603520936401804
627,628,0.7588293263167591
628,629,0.7573094789541174
629,630,0.75579652199752
630,631,0.7542919254584732
631,632,0.752797534394306
632,633,0.7513141526086731
633,634,0.7498428183948312
634,635,0.7483871522166896
635,636,0.7469470679669854
636,637,0.7455237057557232
637,638,0.7441183973222965
638,639,0.7427331067279553
639,640,0.741368600413796
640,641,0.7400245725388334
641,642,0.7387021218301787
642,643,0.7374044659904055
643,644,0.736129216723899
644,645,0.734876636930789
645,646,0.7336500649564163
646,647,0.7324489528478773
647,648,0.7312712582717235
648,649,0.730119761665079
649,650,0.7289939082421734
650,651,0.727893608697698
651,652,0.7268198970822317
652,653,0.7257714520480517
653,654,0.724749772033765
654,655,0.7234930535165428
655,656,0.722530155098707
656,657,0.7215904612917736
657,658,0.720676838325108
658,659,0.7197884144852532
659,660,0.7189248220723395
660,661,0.7180857320832162
661,662,0.7172708383794234
662,663,0.7164787306201725
663,664,0.7157103462425815
664,665,0.714965262106288
665,666,0.7142416951238478
666,667,0.7135410444147466
667,668,0.7128616193007844
668,669,0.7122042004229502
669,670,0.7115664288317598
670,671,0.7109484569397878
671,672,0.7103511839241703
672,673,0.7097735446173603
673,674,0.7092146060083825
674,675,0.7086741584123954
675,676,0.708151219777501
676,677,0.7076461914592832
677,678,0.7071578922518232
678,679,0.7066865938319851
679,680,0.7062313458867995
680,681,0.7057915576619584
681,682,0.7053671921528568
682,683,0.704957168542208
683,684,0.7045625701924946
684,685,0.7041808909747826
685,686,0.703813496537447
686,687,0.7034596558731159
687,688,0.70311868919745
688,689,0.7027900739403904
689,690,0.7024738478546384
690,691,0.7021691696796758
691,692,0.7018765732074088
692,693,0.7015954874911657
693,694,0.7013242682308963
694,695,0.7010647678700866
695,696,0.7008161080511702
696,697,0.7005764644591093
697,698,0.7003473193127974
698,699,0.7001283945670282
699,700,0.6999185764511139
700,701,0.6997189184752314
701,702,0.6995287866502754
702,703,0.6993473963342844
703,704,0.6991755231380492
704,705,0.6990129761595892
705,706,0.6988593500152035
706,707,0.6987151259583889
707,708,0.6985808109496443
708,709,0.6984549110893148
709,710,0.6983387057854311
710,711,0.6982321868598631
711,712,0.6981358111745464
712,713,0.6980497511768858
713,714,0.6979741740160433
714,715,0.6979097745961439
715,716,0.6978567880571545
716,717,0.6978160367781805
717,718,0.6977879220893426
718,719,0.6977735715985186
719,720,0.6977739350054354
720,721,0.6977889387174425
721,722,0.6978209050881091
722,723,0.6978709058855361
723,724,0.6979406020675011
724,725,0.6980299983136342
725,726,0.6981425117792053
726,727,0.6982180907273692
727,728,0.6983698843256897
728,729,0.698550305696881
729,730,0.6987616497595979
730,731,0.6990056541419568
731,732,0.6992879845752017
732,733,0.6996100628505806
733,734,0.6999747653310979
734,735,0.7003897972517316
735,736,0.7008573963488722
736,737,0.7013829199986147
737,738,0.7019724924090051
738,739,0.7026322711608621
739,740,0.7033685876239814
740,741,0.7041875247084499
741,742,0.705098390473643
742,743,0.7061098500672748
743,744,0.7072293096465503
744,745,0.7084667204073889
745,746,0.7098325417724567
746,747,0.7113371900222843
747,748,0.7129918735114417
748,749,0.7148072270464969
749,750,0.7167963273072725
750,751,0.7189710523502353
751,752,0.7213417493098907
752,753,0.7239215783644506
753,754,0.7267223616674914
754,755,0.7297539254846759
755,756,0.7330258228806456
756,757,0.7365473544293679
757,758,0.7403246299470608
758,759,0.7443627717082735
759,760,0.7486629869719399
760,761,0.7532260947542072
761,762,0.758045445769765
762,763,0.7631167066070997
763,764,0.7684274213853813
764,765,0.7739618652800123
765,766,0.7797009454710476
766,767,0.7856239296842703
767,768,0.7917025942346123
768,769,0.7979065590064867
769,770,0.8042065524704546
770,771,0.8105655090109715
771,772,0.8169484168424856
772,773,0.823318726215083
773,774,0.8296413492236351
774,775,0.835881915030405
775,776,0.8420048106288192
776,777,0.8479819309017215
777,778,0.8537841956910726
778,779,0.8593879022585263
779,780,0.8647741059106397
780,781,0.8699232207703608
781,782,0.8748243215052062
782,783,0.8794688259263278
783,784,0.8838517670581073
784,785,0.8879702013183263
785,786,0.891826307842926
786,787,0.8954232040931296
787,788,0.8987674685846198
788,789,0.9018648945246968
789,790,0.9047266334523039
790,791,0.9073634541918005
791,792,0.9097842499271117
792,793,0.9120016517410893
793,794,0.9140278430878712
794,795,0.9158731339004755
795,796,0.9175513333687608
796,797,0.919072519601396
797,798,0.9204486119291956
798,799,0.9216884463195669
799,800,0.9228032592224105
800,801,0.9238026314025916
801,802,0.9246954547535495
802,803,0.9254877404244722
803,804,0.92619056834191
804,805,0.9268079199325776
805,806,0.9273482275023969
806,807,0.9278163636449672
807,808,0.92821866060453
808,809,0.928557825399246
809,810,0.9288396318715064
810,811,0.9290688645953276
811,812,0.9292458780841443
812,813,0.9293763851355605
813,814,0.9294622894850136
814,815,0.9295050965829474
815,816,0.9295077985854061
816,817,0.9294716799688906
817,818,0.9293985566465905
818,819,0.9292875799029574
819,820,0.9291417259325093
820,821,0.92896004534744
821,822,0.9287441331847809
822,823,0.9284922506517044
823,824,0.9282075865273586
824,825,0.9278861935225159
825,826,0.9275307488772686
826,827,0.9271382169745236
827,828,0.9267101214099573
828,829,0.9262424642836032
829,830,0.9257381995296092
830,831,0.9251918266413852
831,832,0.9246059121450023
832,833,0.9239771706631534
833,834,0.9233045680553138
834,835,0.9225856458278351
835,836,0.9218192975685601
836,837,0.9210043394233217
837,838,0.9201386587894036
838,839,0.9192192780029622
839,840,0.918245479461089
840,841,0.9172152603955152
841,842,0.9161267816412287
842,843,0.9149756237370194
843,844,0.9137640359550766
844,845,0.9124869166323776
845,846,0.91114388272915
846,847,0.909732745982888
847,848,0.9082526854974937
848,849,0.9067007430259482
849,850,0.9050768907026567
850,851,0.9033794999806329
851,852,0.9016083124114901
852,853,0.8997613776765095
853,854,0.8978393531329065
854,855,0.8958414420523383
855,856,0.8937689661395579
856,857,0.8916216098771574
857,858,0.8894005386874264
858,859,0.8871063432933018
859,860,0.8847415319757924
860,861,0.8823079716242872
861,862,0.8798077161939263
862,863,0.8772445794022765
863,864,0.8746207209653891
864,865,0.8719401342398747
865,866,0.8692077699383444
866,867,0.866427011719311
867,868,0.8636033706319115
868,869,0.8607412198591976
869,870,0.8578448844459131
870,871,0.8549228138009918
871,872,0.8519774801630488
872,873,0.8490163126746048
873,874,0.8460426358067339
874,875,0.8430675356812897
875,876,0.8400930540042979
876,877,0.8371248105714044
877,878,0.8341714010624288
878,879,0.8312347524381231
879,880,0.8283232155771285
880,881,0.8254398572105892
881,882,0.8225902613394951
882,883,0.8197796513982217
883,884,0.8170116254403798
884,885,0.814180187157886
885,886,0.8115107349591477
886,887,0.808893901056827
887,888,0.8063356280495108
888,889,0.8038338653194952
889,890,0.8013926155149859
890,891,0.799014833367291
891,892,0.7967022415671683
892,893,0.7944530018185912
893,894,0.7922707579061478
894,895,0.7901552380241065
895,896,0.7881064062902841
896,897,0.786124591939106
897,898,0.7842094464471918
898,899,0.7823613179216926
899,900,0.7805796611033166
900,901,0.7788623893417582
901,902,0.7772105282846049
902,903,0.7756233003053242
903,904,0.7740983278059266
904,905,0.7726365108729122
905,906,0.7712376946488373
906,907,0.7698987292683973
907,908,0.7686211077819015
908,909,0.7674036688352003
909,910,0.7662464978374524
910,911,0.7651505480645836
911,912,0.7641166545404199
912,913,0.763144426196889
913,914,0.7621642479838725
914,915,0.7613317500034875
915,916,0.7605702643921987
916,917,0.759887010260609
917,918,0.7592885442418139
918,919,0.7587828817940707
919,920,0.7583823395080094
920,921,0.7581017902643294
921,922,0.7579583061562984
922,923,0.7579733139917925
923,924,0.75817600381973
924,925,0.7585989006350548
925,926,0.7592830028872442
926,927,0.7602817975646519
927,928,0.7616515389137201
928,929,0.7634674624169151
929,930,0.7658154317386491
930,931,0.7687972142383643
931,932,0.7725314518235543
932,933,0.7771506991811614
933,934,0.7828091297556244
934,935,0.7896690932448647
935,936,0.7979054532601314
936,937,0.8076925548083576
937,938,0.8191936180701443
938,939,0.8325445217973547
939,940,0.8478338723421276
940,941,0.8650815446667749
941,942,0.8842180445647482
942,943,0.9050684247595319
943,944,0.9273412156547215
944,945,0.9506443886254956
945,946,0.974498297333735
946,947,0.9983758325241675
947,948,1.0217462568630005
948,949,1.0441116084409487
949,950,1.0650584154737102
950,951,1.0842685469654758
951,952,1.101536933384694
952,953,1.1167636723165952
953,954,1.12993908799902
954,955,1.1411246665594525
955,956,1.1504259228927773
956,957,1.1579818312110097
957,958,1.1639407290997352
958,959,1.1684410067964908
959,960,1.1716155949091303
960,961,1.173580026516268
961,962,1.1744254705361918
962,963,1.174221490624992
963,964,1.1730170479107758
964,965,1.1708356283461727
965,966,1.1676860802707025
966,967,1.1635585640728725
967,968,1.1584322359648187
968,969,1.1522690020058097
969,970,1.1450302048775625
970,971,1.136667638455616
971,972,1.1271459983986511
972,973,1.1164271251828142
973,974,1.1044963860414843
974,975,1.0950710691466106
975,976,1.0810285319414579
976,977,1.065864801735458
977,978,1.0496376945307317
978,979,1.0240177597288012
979,980,1.0057139488249829
980,981,0.9868776025030854
981,982,0.9772578002851283
982,983,0.9505120888425526
983,984,0.9313466514160603
984,985,0.9124834162947226
985,986,0.8941139814588072
986,987,0.8790669236117932
987,988,0.8620320104382087
988,989,0.8458710347322765
989,990,0.8306658561131327
990,991,0.8171136282187407
991,992,0.798836689142804
992,993,0.7870019315869093
993,994,0.7761352621921525
994,995,0.7661920213652391
995,996,0.7587197605535498
996,997,0.7503318321118763
997,998,0.7426966917462742
998,999,0.7333211694251794
999,1000,0.7330649375487122
1000,1001,0.7230846936317566
1001,1002,0.7180064111365497
1002,1003,0.7134122861305633
1003,1004,0.7092545410433432
1004,1005,0.7054927791718761
1005,1006,0.7020889250957522
1006,1007,0.6990067580882742
1007,1008,0.6962164240132848
1008,1009,0.6936886268929361
1009,1010,0.6913982489784223
1010,1011,0.6893215108487576
1011,1012,0.687438582406572
1012,1013,0.685730640440521
1013,1014,0.6841787271438934
1014,1015,0.682771003191498
1015,1016,0.6814921522402642
1016,1017,0.680330346924266
1017,1018,0.6792739280298599
1018,1019,0.6783148807300289
1019,1020,0.6774420381297989
1020,1021,0.6766484841165481
1021,1022,0.675926887068025
1022,1023,0.6752711939389852
1023,1024,0.6746745901703589
1024,1025,0.6741327640169894
1025,1026,0.6736399772782321
1026,1027,0.6731930444383312
1027,1028,0.672787250975733
1028,1029,0.672420051610581
1029,1030,0.6720875557889852
1030,1031,0.6717881351942734
1031,1032,0.6715182955914468
1032,1033,0.6712764121032417
1033,1034,0.6710614446973969
1034,1035,0.6708710768566694
1035,1036,0.6707042021418695
1036,1037,0.6705600510790866
1037,1038,0.6704376435008682
1038,1039,0.6703374399335025
1039,1040,0.6702593820081278
1040,1041,0.6702024696584576
1041,1042,0.6701681766299574
1042,1043,0.6701576053695815
1043,1044,0.6701720720604653
1044,1045,0.6702138869042473
1045,1046,0.6702842724065663
1046,1047,0.6703860292365982
1047,1048,0.6705244889834165
1048,1049,0.6707019186446278
1049,1050,0.6709251082373313
1050,1051,0.6711984837519328
1051,1052,0.671530608295074
1052,1053,0.6719289929667862
1053,1054,0.6724044512632871
1054,1055,0.6729679174736668
1055,1056,0.6736322981460409
1056,1057,0.6744145135949872
1057,1058,0.6753307375851137
1058,1059,0.6764033905472788
1059,1060,0.6776544168220519
1060,1061,0.679113502071578
1061,1062,0.6808095510789444
1062,1063,0.682778692805784
1063,1064,0.6850598963900156
1064,1065,0.6876986947494796
1065,1066,0.6907439018910381
1066,1067,0.6942497109477811
1067,1068,0.6982770249775918
1068,1069,0.702891286935521
1069,1070,0.7081566739324813
1070,1071,0.7141465010156403
1071,1072,0.7209313262716727
1072,1073,0.7285830120078489
1073,1074,0.7371665992411025
1074,1075,0.7467407923951024
1075,1076,0.75735149661761
1076,1077,0.7690262788870295
1077,1078,0.7817745023255988
1078,1079,0.7955206274085841
1079,1080,0.810327464977019
1080,1081,0.8260552282487489
1081,1082,0.8425842810929906
1082,1083,0.8597676466589119
1083,1084,0.8774245350018092
1084,1085,0.8953572589451884
1085,1086,0.9133537500701212
1086,1087,0.9311982222915757
1087,1088,0.9486832572394729
1088,1089,0.9656175179177315
1089,1090,0.9818339643034705
1090,1091,0.9971961402623681
1091,1092,1.011599966215597
1092,1093,1.0249752522838413
1093,1094,1.0372858162486511
1094,1095,1.048524731381807
1095,1096,1.058707424695899
1096,1097,1.0678706740571056
1097,1098,1.07606530959019
1098,1099,1.0833530269235803
1099,1100,1.0898049256367743
1100,1101,1.0954896278515602
1101,1102,1.1004819503822387
1102,1103,1.1048480140239385
1103,1104,1.1086564191731982
1104,1105,1.111970737999489
1105,1106,1.1148465980160864
1106,1107,1.1173396110114404
1107,1108,1.1194926106987395
1108,1109,1.121353303585219
1109,1110,1.122955733297286
1110,1111,1.1243356506370563
1111,1112,1.1255229689868926
1112,1113,1.1265414987923532
1113,1114,1.1274156640651025
1114,1115,1.128165427573939
1115,1116,1.1288050331426431
1116,1117,1.1293517863947196
1117,1118,1.1298178280995135
1118,1119,1.1302149854565555
1119,1120,1.1305520056512133
1120,1121,1.1308365350555285
1121,1122,1.1310776396000537
1122,1123,1.1312802014991958
1123,1124,1.131448334483529
1124,1125,1.1315889064363105
1125,1126,1.1317026973792152
1126,1127,1.131795495505628
1127,1128,1.1318690845957893
1128,1129,1.1319265380577546
1129,1130,1.1319689106512143
1130,1131,1.1319965819377982
1131,1132,1.1320148385657138
1132,1133,1.1320219833872784
1133,1134,1.1320180012332604
1134,1135,1.1320068286885407
1135,1136,1.131986889471167
1136,1137,1.1319596504602971
1137,1138,1.1319247134333648
1138,1139,1.1318846678919177
1139,1140,1.1318357878747003
1140,1141,1.1317815550950643
1141,1142,1.1317206601209482
1142,1143,1.1316523336587048
1143,1144,1.1315781898640962
1144,1145,1.1314979099862552
1145,1146,1.1314081265025488
1146,1147,1.1313139064887299
1147,1148,1.131211444084713
1148,1149,1.1311017657730515
1149,1150,1.1309827775952743
1150,1151,1.1308566439155323
1151,1152,1.1307206508994945
1152,1153,1.130575838023451
1153,1154,1.130420528169182
1154,1155,1.1302557910394477
1155,1156,1.1300784881094192
1156,1157,1.129890583245453
1157,1158,1.1296898275880722
1158,1159,1.1294746203487547
1159,1160,1.1292469047609504
1160,1161,1.129004420142394
1161,1162,1.1287462438558913
1162,1163,1.1284707584338054
1163,1164,1.128177814587733
1164,1165,1.1278663145864076
1165,1166,1.1275340679191828
1166,1167,1.127181300405537
1167,1168,1.1268061105331428
1168,1169,1.1264067564824458
1169,1170,1.1259840106695582
1170,1171,1.12553227271976
1171,1172,1.1250554941422632
1172,1173,1.124547906523487
1173,1174,1.1240079842696409
1174,1175,1.1234371136605468
1175,1176,1.1228299519520115
1176,1177,1.122186540000805
1177,1178,1.1215048930577634
1178,1179,1.1207824141559923
1179,1180,1.1200174310574975
1180,1181,1.1192079512330237
1181,1182,1.1183509001572953
1182,1183,1.1174449166585467
1183,1184,1.1164874447330906
1184,1185,1.115476435610467
1185,1186,1.1144099652579755
1186,1187,1.1132840599099432
1187,1188,1.112096970999215
1188,1189,1.1108477151043135
1189,1190,1.1095313742011488
1190,1191,1.1081471048973155
1191,1192,1.1066930794166925
1192,1193,1.105165397475906
1193,1194,1.1035641136989462
1194,1195,1.101885702340359
1195,1196,1.100126662375475
1196,1197,1.0982890397322838
1197,1198,1.096368940642703
1198,1199,1.0943652713990069
1199,1200,1.092276740644395
1200,1201,1.0901019929242743
1201,1202,1.087841805090378
1202,1203,1.0854945996599255
1203,1204,1.0830612211293125
1204,1205,1.0805426123484585
1205,1206,1.0779383600288084
1206,1207,1.0752489409681205
1207,1208,1.0724790200537164
1208,1209,1.0696281058738135
1209,1210,1.066698330321711
1210,1211,1.0636935249603263
1211,1212,1.0606179421238795
1212,1213,1.0574744013539585
1213,1214,1.0561870666856832
1214,1215,1.0529526994693843
1215,1216,1.0496646968869825
1216,1217,1.0463241162368533
1217,1218,1.04293640487991
1218,1219,1.03950709146318
1219,1220,1.0360446428254544
1220,1221,1.0325538202934554
1221,1222,1.0290391469330806
1222,1223,1.0255090208459254
1223,1224,1.0219706964058324
1224,1225,1.018429260003558
1225,1226,1.0148913392769954
1226,1227,1.011364038725238
1227,1228,1.0078533268626964
1228,1229,1.0048496319090003
1229,1230,1.0013867066322852
1230,1231,0.9979573417358465
1231,1232,0.9945659107813614
1232,1233,0.9912185589742426
1233,1234,0.9879210001677396
1234,1235,0.9846746212089644
1235,1236,0.981487006384253
1236,1237,0.9783593513334214
1237,1238,0.9752970841924152
1238,1239,0.9723010699165361
1239,1240,0.9693735991791045
1240,1241,0.9665185629071851
1241,1242,0.9637368130094188
1242,1243,0.9610287118289514
1243,1244,0.9583974158208354
1244,1245,0.9558389258115986
1245,1246,0.9533595540159542
1246,1247,0.9509573105557869
1247,1248,0.9486315601172232
1248,1249,0.9463826442671049
1249,1250,0.9442084004057627
1250,1251,0.9421098114168818
1251,1252,0.9383241867902454
1252,1253,0.9364351573341878
1253,1254,0.9346183255394369
1254,1255,0.9328704547296751
1255,1256,0.9311898683705343
1256,1257,0.9295744675247689
1257,1258,0.928024599849174
1258,1259,0.9265449012450659
1259,1260,0.925117347775091
1260,1261,0.9237480250962358
1261,1262,0.9224346979017586
1262,1263,0.921176203115789
1263,1264,0.9199725669522253
1264,1265,0.9188198659317435
1265,1266,0.9177169352852413
1266,1267,0.9166624345357514
1267,1268,0.91565447862155
1268,1269,0.9146905690802984
1269,1270,0.9137705417177411
1270,1271,0.9128925107177004
1271,1272,0.9120542631206457
1272,1273,0.9112543036169966
1273,1274,0.9104915279593722
1274,1275,0.9097649002545041
1275,1276,0.9090726699485847
1276,1277,0.9084137742332817
1277,1278,0.9077864268305254
1278,1279,0.9071902766714476
1279,1280,0.9066240938082099
1280,1281,0.9060874126211579
1281,1282,0.9055779605019229
1282,1283,0.905095076335252
1283,1284,0.9046394493806703
1284,1285,0.904209244181822
1285,1286,0.9038027941698674
1286,1287,0.9034218717383318
1287,1288,0.9030644131290115
1288,1289,0.9027303566137398
1289,1290,0.9024200545491192
1290,1291,0.9021317538957065
1291,1292,0.9018665211924018
1292,1293,0.9016239905981008
1293,1294,0.9014052261414871
1294,1295,0.9012095002379551
1295,1296,0.9010373495181122
1296,1297,0.900889158478872
1297,1298,0.9007667182105368
1298,1299,0.9006684647055488
1299,1300,0.9005982356604678
1300,1301,0.9005559063264602
1301,1302,0.9005436921776538
1302,1303,0.9005619878597192
1303,1304,0.9006143215954642
1304,1305,0.9007016544899746
1305,1306,0.9008282991474177
1306,1307,0.9009965419128465
1307,1308,0.9012081841802019
1308,1309,0.9014690174045141
1309,1310,0.9017818982990125
1310,1311,0.9021528377768804
1311,1312,0.9025861620732771
1312,1313,0.9030880316664601
1313,1314,0.903664397887819
1314,1315,0.9043230633021421
1315,1316,0.905071896363398
1316,1317,0.905918157434539
1317,1318,0.9068727894684169
1318,1319,0.907945027755974
1319,1320,0.9091461147453601
1320,1321,0.9104888795452533
1321,1322,0.9119848885861077
1322,1323,0.9136485945096711
1323,1324,0.915494807968521
1324,1325,0.9175379802878569
1325,1326,0.9197950196539919
1326,1327,0.9222837051939028
1327,1328,0.9239357789541358
1328,1329,0.9268519648494988
1329,1330,0.9300509338659256
1330,1331,0.9335536348842423
1331,1332,0.9373801549633776
1332,1333,0.9415472569798827
1333,1334,0.9460765136215211
1334,1335,0.9509847013693843
1335,1336,0.9562879176971071
1336,1337,0.9620022563038718
1337,1338,0.9681403325188123
1338,1339,0.974712663945667
1339,1340,0.9817276106225361
1340,1341,0.9891907396514696
1341,1342,0.9971054684947973
1342,1343,1.0054738822580473
1343,1344,1.0142943999972351
1344,1345,1.0235648484278617
1345,1346,1.0332852375909514
1346,1347,1.0434523507689395
1347,1348,1.0540710156548
1348,1349,1.0651440484621173
1349,1350,1.0766840726306974
1350,1351,1.0887086171151716
1351,1352,1.1012451029551273
1352,1353,1.1143266234186961
1353,1354,1.1280000440497178
1354,1355,1.1423136692885332
1355,1356,1.1573301361582753
1356,1357,1.173112322133354
1357,1358,1.1897240903631026
1358,1359,1.2072250941506144
1359,1360,1.225663720969749
1360,1361,1.2450659447095407
1361,1362,1.2654342172172588
1362,1363,1.286733986031151
1363,1364,1.308892141303454
1364,1365,1.3317889065793005
1365,1366,1.3552626567486943
1366,1367,1.379105023044967
1367,1368,1.4030775179639277
1368,1369,1.4269193367853223
1369,1370,1.4503544127467933
1370,1371,1.4731193690279325
1371,1372,1.4949673553528289
1372,1373,1.515686994792891
1373,1374,1.5351054478322106
1374,1375,1.5530939939097557
1375,1376,1.569568689542848
1376,1377,1.5844917759553476
1377,1378,1.5921500270753726
1378,1379,1.6046511946387154
1379,1380,1.6156422072041636
1380,1381,1.6251730692411297
1381,1382,1.6332977544151277
1382,1383,1.6400779243164105
1383,1384,1.6455608088807705
1384,1385,1.649780495592667
1385,1386,1.652757446219289
1386,1387,1.6544809436999328
1387,1388,1.6549175489583106
1388,1389,1.6539991902004934
1389,1390,1.651626183480507
1390,1391,1.647654134305791
1391,1392,1.6419041601458035
1392,1393,1.6341554739024198
1393,1394,1.624155659212289
1394,1395,1.6116206536038824
1395,1396,1.5963704118755373
1396,1397,1.5779109203190256
1397,1398,1.556095941440918
1398,1399,1.5307551384811733
1399,1400,1.4765045703117272
1400,1401,1.4416144761769738
1401,1402,1.4300716422159232
1402,1403,1.3637723696673945
1403,1404,1.3201119729414574
1404,1405,1.3091419244827056
1405,1406,1.267996180921584
1406,1407,1.2318913658467912
1407,1408,1.1667830655956968
1408,1409,1.1324585500791193
1409,1410,1.1011619510646609
1410,1411,1.0730379236728482
1411,1412,1.0500004018393672
1412,1413,1.0429556498082555
1413,1414,1.0217677332812456
1414,1415,1.0002610659074074
1415,1416,0.9759514636275317
1416,1417,0.9640790097677424
1417,1418,0.9540587148985821
1418,1419,0.9486355399096283
1419,1420,0.9412492588169069
1420,1421,0.9351958216582004
1421,1422,0.9289157280857165
1422,1423,0.9255394742677834
1423,1424,0.9231098799249289
1424,1425,0.9217800025378633
1425,1426,0.9208444426931622
1426,1427,0.9207170058534043
1427,1428,0.9213939648108588
1428,1429,0.9226521812267662
1429,1430,0.9244432188908187
1430,1431,0.9267146343070045
1431,1432,0.9294219668883472
1432,1433,0.9325150175867586
1433,1434,0.9359479542987057
1434,1435,0.9396737427785838
1435,1436,0.9436446368957959
1436,1437,0.9478137836419653
1437,1438,0.9521341257174031
1438,1439,0.9565567150563328
1439,1440,0.9610421663034951
1440,1441,0.9655428822715786
1441,1442,0.9700193476444586
1442,1443,0.9744367208158697
1443,1444,0.9787603576492052
1444,1445,0.9829596750906477
1445,1446,0.9870101056616121
1446,1447,0.9908917547564433
1447,1448,0.9945866657035684
1448,1449,0.9980835058330739
1449,1450,1.0013735867431681
1450,1451,1.0044523814241344
1451,1452,1.0073181174553323
1452,1453,1.0099721441107132
1453,1454,1.0124200758777264
1454,1455,1.0146686129625364
1455,1456,1.0167255371477875
1456,1457,1.0185970424379223
1457,1458,1.0202997374635983
1458,1459,1.0218422864580934
1459,1460,1.0232373102831287
1460,1461,1.024495883007993
1461,1462,1.0256341196931857
1462,1463,1.0266638056730022
1463,1464,1.0275954573143546
1464,1465,1.028446483339295
1465,1466,1.0292273676941057
1466,1467,1.0299519830937625
1467,1468,1.0306339128018718
1468,1469,1.0312853411245064
1469,1470,1.031921716649561
1470,1471,1.032556249934498
1471,1472,1.0332030270237773
1472,1473,1.033875619491834
1473,1474,1.0345917204931214
1474,1475,1.0353662405703172
1475,1476,1.036214608198389
1476,1477,1.037157510971136
1477,1478,1.0382138794788585
1478,1479,1.0394034878686746
1479,1480,1.0407475190743163
1480,1481,1.0422733727327271
1481,1482,1.0440029505076782
1482,1483,1.045966052109717
1483,1484,1.048189694214756
1484,1485,1.0507055941518304
1485,1486,1.0535458941593963
1486,1487,1.0567459925014528
1487,1488,1.0603394129274708
1488,1489,1.0643637783043478
1489,1490,1.0688532193510107
1490,1491,1.0738461720224606
1491,1492,1.0793728292640818
1492,1493,1.0854696825100407
1493,1494,1.0921589330116823
1494,1495,1.0994653901668587
1495,1496,1.1074007238374641
1496,1497,1.1159714890892278
1497,1498,1.1251745770153385
1498,1499,1.1349906050262304
1499,1500,1.1453897882158668
1500,1501,1.1563304152614762
1501,1502,1.1677497433568051
1502,1503,1.1795812391795242
1503,1504,1.1917362638793398
1504,1505,1.2041205270186033
1505,1506,1.2166314948272994
1506,1507,1.229157763177071
1507,1508,1.2415872244012751
1508,1509,1.2538124817944296
1509,1510,1.2657247022088216
1510,1511,1.2772260854270368
1511,1512,1.2882276753269304
1512,1513,1.2986533783357004
1513,1514,1.3084349385767573
1514,1515,1.3175246201802229
1515,1516,1.3246107091829658
1516,1517,1.3323234981262215
1517,1518,1.339263932806766
1518,1519,1.3454153696519262
1519,1520,1.350779393110011
1520,1521,1.3553564923431642
1521,1522,1.3591515460448218
1522,1523,1.3621786129634839
1523,1524,1.3644463664485633
1524,1525,1.3659643734486362
1525,1526,1.3667449838644823
1526,1527,1.366794314468118
1527,1528,1.3661217159630676
1528,1529,1.364728412287523
1529,1530,1.3626193164658318
1530,1531,1.3597951648743807
1531,1532,1.356257778855674
1532,1533,1.3520017989288498
1533,1534,1.3509638537894817
1534,1535,1.345822580658219
1535,1536,1.3399794669397933
1536,1537,1.3334281406907227
1537,1538,1.3261775415708639
1538,1539,1.3182406443200652
1539,1540,1.3096373855795629
1540,1541,1.3003943145188206
1541,1542,1.2905455406878805
1542,1543,1.2801341755326154
1543,1544,1.269212761645797
1544,1545,1.257836834683967
1545,1546,1.2460754586398755
1546,1547,1.228789437694381
1547,1548,1.2164027480824506
1548,1549,1.2038953691175827
1549,1550,1.191346790004754
1550,1551,1.1805495530286125
1551,1552,1.1681447138258576
1552,1553,1.1559216615041883
1553,1554,1.1439465599999683
1554,1555,1.1322795119622107
1555,1556,1.1209750548888446
1556,1557,1.1100715746261562
1557,1558,1.0996080132320052
1558,1559,1.0896077211827644
1559,1560,1.0800887176634468
1560,1561,1.0710620745070667
1561,1562,1.0625317140551551
1562,1563,1.00334896426692
1563,1564,0.9975124910969096
1564,1565,0.9920470494451369
1565,1566,0.9869582022603413
1566,1567,0.9822341979290957
1567,1568,0.9778588388909553
1568,1569,0.9738201648682667
1569,1570,0.97010068788116
1570,1571,0.9666855303300036
1571,1572,0.9630546384223939
1572,1573,0.9602515129868759
1573,1574,0.9577082038452762
1574,1575,0.955409614381529
1575,1576,0.9533430293787576
1576,1577,0.9514970938985655
1577,1578,0.9498610531883833
1578,1579,0.9484252031639998
1579,1580,0.9471797550698706
1580,1581,0.9461185884807366
1581,1582,0.94523543527015
1582,1583,0.9445270757305279
1583,1584,0.9439932633324167
1584,1585,0.9436387669922387
1585,1586,0.9434719008276706
1586,1587,0.9435113053472962
1587,1588,0.9437854757984454
1588,1589,0.9443431931335445
1589,1590,0.9452534408885963
1590,1591,0.9466226652747347
1591,1592,0.9486076106116889
1592,1593,0.9514340507706605
1593,1594,0.9554177769587395
1594,1595,0.9609924842907231
1595,1596,0.9687261968591442
1596,1597,0.9793167816943003
1597,1598,0.9935323183322371
1598,1599,1.0120643601297277
1599,1600,1.0352756455909538
1600,1601,1.0628817454637736
1601,1602,1.0937151173087398
1602,1603,1.125785322908149
1603,1604,1.1567242754425977
1604,1605,1.1844322200226682
1605,1606,1.2075738177994593
1606,1607,1.2257065230147768
1607,1608,1.2390623239547789
1608,1609,1.2482199062327426
1609,1610,1.2538308773196096
1610,1611,1.2564237995113339
1611,1612,1.256334463332598
1612,1613,1.2536701234524632
1613,1614,1.2483134682247026
1614,1615,1.2399452492326195
1615,1616,1.2280829146842935
1616,1617,1.2224128234030742
1617,1618,1.2044149418708
1618,1619,1.1709049595138232
1619,1620,1.141540897680286
1620,1621,1.1080692092561055
1621,1622,1.0729276992115793
1622,1623,1.0332817600075295
1623,1624,0.9975718327835144
1624,1625,0.9649468713371593
1625,1626,0.9518465559845609
1626,1627,0.9256772906747959
1627,1628,0.8965276584605161
1628,1629,0.88071365488106
1629,1630,0.8675924487921195
1630,1631,0.8553679705238685
1631,1632,0.8480007442783403
1632,1633,0.8425245185974016
1633,1634,0.8394946896721295
1634,1635,0.8361325375566823
1635,1636,0.834252924141344
1636,1637,0.8337475649252154
1637,1638,0.8346561569209541
1638,1639,0.8375769006224804
1639,1640,0.8431297833897468
1640,1641,0.8522193133669558
1641,1642,0.8658321781029402
1642,1643,0.8846596067167664
1643,1644,0.9084603820716058
1644,1645,0.9355545352575005
1645,1646,0.9630090947783138
1646,1647,0.987728327235918
1647,1648,1.0170332585099777
1648,1649,1.0283662124612707
1649,1650,1.0351263855729118
1650,1651,1.0380940922703032
1651,1652,1.0375116103097843
1652,1653,1.03378888754654
1653,1654,1.027008266606368
1654,1655,1.016913470081981
1655,1656,1.0067215669769316
1656,1657,1.0002301551301613
1657,1658,0.976591701633017
1658,1659,0.9565693203334482
1659,1660,0.9331989072647715
1660,1661,0.9141550406444969
1661,1662,0.892675112060206
1662,1663,0.7946485142123787
1663,1664,0.7958141767410529
1664,1665,0.7973551079361177
1665,1666,0.8043994692406685
1666,1667,0.8072039906789492
1667,1668,0.8137135768973907
1668,1669,0.8155483751549351
1669,1670,0.8102223663640198
1670,1671,0.8190857155074385
1671,1672,0.8238758918210678
1672,1673,0.8590030449685263
1673,1674,0.8969927601321875
1674,1675,0.9309297323675264
1675,1676,1.0081635202241586
1676,1677,1.0943253166004658
1677,1678,1.164133491076619
1678,1679,1.2058868878124704
1679,1680,1.2126160893610751
1680,1681,1.1865342688374232
1681,1682,1.1410974562836418
1682,1683,1.052677030525696
1683,1684,0.9304657745224002
1684,1685,0.8277666569870906
1685,1686,0.8232680939222891
1686,1687,0.9001593140948311
1687,1688,1.0394294034591145
1688,1689,1.2508022653826993
1689,1690,1.4289932231492195
1690,1691,1.4045941582614767
1691,1692,1.288232575892052
1692,1693,1.3050924015959882
1693,1694,0.9810622633964632
1694,1695,0.8875737440530227
1695,1696,0.7815639326546524
1696,1697,0.7454295661150027
1697,1698,0.747221202603164
1698,1699,0.7676065138650768
1699,1700,0.7883744431917219
1700,1701,0.7994798333956505
1701,1702,0.8145760696201424
1702,1703,0.8771799439671397
1703,1704,0.9887233762999678
1704,1705,1.0669832537365882
1705,1706,1.0672809132166796
1706,1707,1.022520458628321
1707,1708,0.7876244415953784
1708,1709,0.43562129039466224
1709,1710,0.17128370981623
1710,1711,0.08852812833284682
1711,1712,0.0558591276606363
1712,1713,0.06860313698034025
1713,1714,0.12862684168976105
1714,1715,0.25061741742811905
1715,1716,0.42341629592442
1716,1717,0.48310607500310093
1717,1718,0.5190757496859337
1718,1719,0.5213294207011977
1719,1720,0.5217744589770265
1720,1721,0.5214578241268455
1721,1722,0.5201971763626846
1722,1723,0.5195885839280312
1723,1724,0.5192956663387661
1724,1725,0.5196446442625061
1725,1726,0.5217646996558629
1726,1727,0.525803074232946
1727,1728,0.53339620107749
1728,1729,0.5432707569285211
1729,1730,0.5668718308540563
1730,1731,0.601789681766942
1731,1732,0.6581665389895582
1732,1733,0.7280154657585046
1733,1734,0.8066036939626477
1734,1735,0.8808459221744758
1735,1736,0.9593790235706101
1736,1737,0.9911711482997985
1737,1738,1.0072575133602921
1738,1739,1.010899724806003
1739,1740,1.0035460240820504
1740,1741,0.9922422960575773
1741,1742,0.969706761731781
1742,1743,0.9307126724726676
1743,1744,0.886236689159734
1744,1745,0.8307781468579697
1745,1746,0.7751244502347785
1746,1747,0.7253992233557359
1747,1748,0.6921321779784088
1748,1749,0.661533936073644
1749,1750,0.6928866090864273
1750,1751,0.6473914612633871
1751,1752,0.6427494090665506
1752,1753,0.6301975367361223
1753,1754,0.6177798489242041
1754,1755,0.6133510187871123
1755,1756,0.6107002833816182
1756,1757,0.6093143412814507
1757,1758,0.6074995017831664
1758,1759,0.6062700755984735
1759,1760,0.6054583214445933
1760,1761,0.604774335508811
1761,1762,0.6046164369682595
1762,1763,0.6046570838010342
1763,1764,0.6048753284560244
1764,1765,0.6052712531002215
1765,1766,0.6058671077154406
1766,1767,0.6066800086854599
1767,1768,0.6078028308637714
1768,1769,0.6092950878425637
1769,1770,0.6112586124253051
1770,1771,0.6138212838926216
1771,1772,0.617146066505984
1772,1773,0.6214323274628514
1773,1774,0.6269151819580823
1774,1775,0.633866024192575
1775,1776,0.6425726984846721
1776,1777,0.6533187780057772
1777,1778,0.6663406007499327
1778,1779,0.6817671597852435
1779,1780,0.6995587668109783
1780,1781,0.7194474008459373
1781,1782,0.740916484783657
1782,1783,0.7632257305374909
1783,1784,0.7855087390041011
1784,1785,0.8068905355853909
1785,1786,0.8266319964344822
1786,1787,0.8442125753265611
1787,1788,0.8593672929733402
1788,1789,0.8720596426419649
1789,1790,0.8824307431877291
1790,1791,0.890726137683287
1791,1792,0.8972381306825246
1792,1793,0.9022674104051692
1793,1794,0.9060883640026072
1794,1795,0.9089414315571109
1795,1796,0.9110249828242272
1796,1797,0.9125016121775912
1797,1798,0.9134965640596928
1798,1799,0.9141068008838624
1799,1800,0.9144039028026556
1800,1801,0.9144387074652018
1801,1802,0.9142465053624659
1802,1803,0.9138498595696929
1803,1804,0.9134637653078262
1804,1805,0.9127359397312057
1805,1806,0.9118127352083241
1806,1807,0.9106809245217252
1807,1808,0.9093222893602163
1808,1809,0.9077115383575388
1809,1810,0.9058172840844426
1810,1811,0.9036003151428421
1811,1812,0.9010216848778905
1812,1813,0.8980307394024656
1813,1814,0.894573120042732
1814,1815,0.8905889019311379
1815,1816,0.8860170205980316
1816,1817,0.8807885488023172
1817,1818,0.8748340442502379
1818,1819,0.8680902961816646
1819,1820,0.8604905381445791
1820,1821,0.8555061504913823
1821,1822,0.8463826423059776
1822,1823,0.8363265175800771
1823,1824,0.8252821381987598
1824,1825,0.8132605031824636
1825,1826,0.8002993973555668
1826,1827,0.7864685898433471
1827,1828,0.7718731963768882
1828,1829,0.7566464852499448
1829,1830,0.740950997494579
1830,1831,0.7249712777266478
1831,1832,0.7049730961006352
1832,1833,0.6912145660362025
1833,1834,0.6756397831006172
1834,1835,0.6498720837690093
1835,1836,0.6361262750255926
1836,1837,0.6233140459236349
1837,1838,0.6115432379531117
1838,1839,0.6009007108775405
1839,1840,0.5914599966098627
1840,1841,0.5832848163635987
1841,1842,0.576434517944732
1842,1843,0.5709726072384768
1843,1844,0.5674054439503471
1844,1845,0.5647281855161258
1845,1846,0.5638553622729703
1846,1847,0.5637730504021771
1847,1848,0.5665368227598827
1848,1849,0.5707812384077168
1849,1850,0.5770399974706732
1850,1851,0.5853970698105654
1851,1852,0.5959060361460924
1852,1853,0.6039854881889655
1853,1854,0.6180475650281309
1854,1855,0.6341224901799806
1855,1856,0.6520238287511476
1856,1857,0.6714724929758787
1857,1858,0.692111485003058
1858,1859,0.7091729201969945
1859,1860,0.7308722768581551
1860,1861,0.7525155385423844
1861,1862,0.7736593033502203
1862,1863,0.7939066279703194
1863,1864,0.8129306564415396
1864,1865,0.8304870657942963
1865,1866,0.8464142802907717
1866,1867,0.8606307452453945
1867,1868,0.8731226378642976
1868,1869,0.8839285094555314
1869,1870,0.8931273700749456
1870,1871,0.9008267104443114
1871,1872,0.907143904984155
1872,1873,0.9122048039047101
1873,1874,0.916136685258499
1874,1875,0.9194785218583782
1875,1876,0.9213465400717216
1876,1877,0.9224318908413355
1877,1878,0.9228253253234238
1878,1879,0.9226088514723433
1879,1880,0.9218524697300965
1880,1881,0.9206231229253004
1881,1882,0.9189766907595299
1882,1883,0.9169684684086274
1883,1884,0.9146432212247347
1884,1885,0.9120457041195228
1885,1886,0.9092165531453175
1886,1887,0.9043980479271099
1887,1888,0.9039719176633337
1888,1889,0.9006950518333998
1889,1890,0.8973138085054936
1890,1891,0.8938572395915413
1891,1892,0.8903516952849431
1892,1893,0.8868202503488006
1893,1894,0.8832881608200104
1894,1895,0.8797753439599184
1895,1896,0.8763017942748746
1896,1897,0.8728825131107578
1897,1898,0.8695331631461838
1898,1899,0.8662666506048065
1899,1900,0.8602770903005756
1900,1901,0.8573066469472359
1901,1902,0.8544538686464138
1902,1903,0.8517216024237023
1903,1904,0.8491144404958297
1904,1905,0.8466361756612665
1905,1906,0.844286402747996
1906,1907,0.8420719409374485
1907,1908,0.8399899417559631
1908,1909,0.8380450708948481
1909,1910,0.8362381523058192
1910,1911,0.8351689748914769
1911,1912,0.8335985016492963
1912,1913,0.8321667000307463
1913,1914,0.8308833092487747
1914,1915,0.8297530289124693
1915,1916,0.8287832833213992
1916,1917,0.8279777200639298
1917,1918,0.827345448665883
1918,1919,0.8268934643913876
1919,1920,0.8266307209900638
1920,1921,0.8265779438071644
1921,1922,0.8267644361033568
1922,1923,0.8271595778914249
1923,1924,0.8277664319810275
1924,1925,0.828581751002687
1925,1926,0.8295988843413579
1926,1927,0.8308036798870841
1927,1928,0.832176902050723
1928,1929,0.8336895512774652
1929,1930,0.835307709936654
1930,1931,0.8359365409478479
1931,1932,0.8376286177706279
1932,1933,0.8393180206439629
1933,1934,0.8409508715661773
1934,1935,0.8424772653546059
1935,1936,0.8438441628774714
1936,1937,0.8450024805452121
1937,1938,0.8459108434908885
1938,1939,0.8465316543320098
1939,1940,0.8468351505097657
1940,1941,0.8467963068187024
1941,1942,0.8463964526449115
1942,1943,0.8456246629707195
1943,1944,0.8444703775956023
1944,1945,0.842930398563602
1945,1946,0.8410005189706551
1946,1947,0.8391274727310141
1947,1948,0.8364871393319743
1948,1949,0.8334667120912602
1949,1950,0.8300658194298486
1950,1951,0.8262914279657723
1951,1952,0.8221510686240834
1952,1953,0.8176534734092133
1953,1954,0.8128097113230318
1954,1955,0.8066408223121776
1955,1956,0.8010932292695604
1956,1957,0.7931530121216596
1957,1958,0.7869567052197795
1958,1959,0.778406519076569
1959,1960,0.7717158333460186
1960,1961,0.7648672019807328
1961,1962,0.7578933760518795
1962,1963,0.7508327125204537
1963,1964,0.7437211057022168
1964,1965,0.7365967439875952
1965,1966,0.7294955497545086
1966,1967,0.7224530168216413
1967,1968,0.7155025288197744
1968,1969,0.7088889515410249
1969,1970,0.7022055700716024
1970,1971,0.6956969657463714
1971,1972,0.6917568898017279
1972,1973,0.6855786618121168
1973,1974,0.679616047631575
1974,1975,0.6738888905249517
1975,1976,0.6660332666807794
1976,1977,0.660908832990797
1977,1978,0.6560380352969853
1978,1979,0.651418376930801
1979,1980,0.6470486205960924
1980,1981,0.6429235798336224
1981,1982,0.6418956469289396
1982,1983,0.6380764527502535
1983,1984,0.6344839457029567
1984,1985,0.631116157675504
1985,1986,0.6279647166934329
1986,1987,0.6250212990338736
1987,1988,0.6222782745739557
1988,1989,0.619725503835494
1989,1990,0.6173581313447193
1990,1991,0.6151664164344495
1991,1992,0.6131446089415973
1992,1993,0.6112856499737995
1993,1994,0.6095823122501317
1994,1995,0.6080321554886714
1995,1996,0.6066288709342194
1996,1997,0.6053698572980553
1997,1998,0.6042533116356985
1998,1999,0.6029263830507358
1999,2000,0.6021479624540904
2000,2001,0.6015120122571875
2001,2002,0.6010222057040855
2002,2003,0.6006846165527914
2003,2004,0.6005049391322355
2004,2005,0.6004914186422308
2005,2006,0.6006559750627382
2006,2007,0.6010099676736167
2007,2008,0.6015701126234579
2008,2009,0.6023526036564205
2009,2010,0.603379135953788
2010,2011,0.6046735448220404
2011,2012,0.6062624927064525
2012,2013,0.6081722605192889
2013,2014,0.61043787790807
2014,2015,0.6130927938302583
2015,2016,0.616172682167172
2016,2017,0.6197171362881749
2017,2018,0.6237645729889184
2018,2019,0.6283520537222617
2019,2020,0.6335166334851531
2020,2021,0.6392907481558152
2021,2022,0.6457000585380352
2022,2023,0.6527635920933739
2023,2024,0.638794451659988
2024,2025,0.6445801112104768
2025,2026,0.650803402950481
2026,2027,0.6574384805798695
2027,2028,0.6644456614413435
2028,2029,0.6717737196920678
2029,2030,0.6793599303979777
2030,2031,0.6871346557251758
2031,2032,0.6950182697071121
2032,2033,0.7029276701578707
2033,2034,0.7107806821717896
2034,2035,0.7184961232801987
2035,2036,0.7259993593419702
2036,2037,0.7332236556487237
2037,2038,0.7401134682790326
2038,2039,0.7466235979816446
2039,2040,0.7527217134607022
2040,2041,0.7583871956723701
2041,2042,0.7636108950026113
2042,2043,0.7683913177044495
2043,2044,0.772734555716832
2044,2045,0.7766566782348323
2045,2046,0.7801756523691222
2046,2047,0.7833127915423852
2047,2048,0.786092434113304
2048,2049,0.7885399367872319
2049,2050,0.7906810702414728
2050,2051,0.7925393287096737
2051,2052,0.7941381060368493
2052,2053,0.795500442324473
2053,2054,0.7966451665243219
2054,2055,0.7975915246630904
2055,2056,0.7983566546427585
2056,2057,0.7989533357553082
2057,2058,0.7993967049360653
2058,2059,0.799698301505862
2059,2060,0.7998662000191128
2060,2061,0.7999088786879623
2061,2062,0.7998343715064572
2062,2063,0.7996495044936469
2063,2064,0.7993561714534488
2064,2065,0.7989606619239185
2065,2066,0.7984646299363676
2066,2067,0.7978705508960913
2067,2068,0.7971794212673972
2068,2069,0.7963936652367163
2069,2070,0.7955127582482755
2070,2071,0.794536623694282
2071,2072,0.7934663354627004
2072,2073,0.7923008469922272
2073,2074,0.7910399160680424
2074,2075,0.7896830984429215
2075,2076,0.7882304767778431
2076,2077,0.7866811902560754
2077,2078,0.7850355088447782
2078,2079,0.7832938688377724
2079,2080,0.7814568038615892
2080,2081,0.7795253996189007
2081,2082,0.7775005027560936
2082,2083,0.7753844432278576
2083,2084,0.7731787606659924
2084,2085,0.770887744665606
2085,2086,0.7685140237713274
2086,2087,0.7660621436946964
2087,2088,0.7648308992378486
2088,2089,0.7622682425784063
2089,2090,0.759642101381881
2090,2091,0.756956882909837
2091,2092,0.7537237870207759
2092,2093,0.750931401626927
2093,2094,0.7460653980371518
2094,2095,0.743186364084416
2095,2096,0.7402896054891471
2096,2097,0.7373830803132082
2097,2098,0.734474448308223
2098,2099,0.7315698399976914
2099,2100,0.728677160221442
2100,2101,0.7258021233851768
2101,2102,0.7229516798170973
2102,2103,0.7213332098766094
2103,2104,0.7185334364897888
2104,2105,0.7157699171838037
2105,2106,0.7130480971515439
2106,2107,0.7103722536214547
2107,2108,0.7077437512354094
2108,2109,0.705165799899232
2109,2110,0.702639269693746
2110,2111,0.7001651610414822
2111,2112,0.6977447438334557
2112,2113,0.6953762946550348
2113,2114,0.6930590898461544
2114,2115,0.6907925910979639
2115,2116,0.6885742215750682
2116,2117,0.6864019336698268
2117,2118,0.6842720289803809
2118,2119,0.682182092485538
2119,2120,0.6801277653953127
2120,2121,0.6781062904009322
2121,2122,0.6761123990764313
2122,2123,0.6741422434736246
2123,2124,0.6721910055113361
2124,2125,0.6702547511764875
2125,2126,0.6683283030081922
2126,2127,0.6664075346300535
2127,2128,0.6644869062599265
2128,2129,0.6625628688141847
2129,2130,0.6606300682612395
2130,2131,0.6586844741329759
2131,2132,0.6567230678620735
2132,2133,0.6547414893046004
2133,2134,0.6527374911338952
2134,2135,0.6507074469361979
2135,2136,0.6486503456511703
2136,2137,0.646564584939641
2137,2138,0.6444499763117894
2138,2139,0.6423053782821297
2139,2140,0.640131902441507
2140,2141,0.6379314459927372
2141,2142,0.6357051552631788
2142,2143,0.633456714561634
2143,2144,0.6311896378880384
2144,2145,0.6299509870238533
2145,2146,0.627663909959874
2146,2147,0.6253678025685906
2147,2148,0.6230688954560517
2148,2149,0.6207731106366063
2149,2150,0.6184848916682973
2150,2151,0.614919229627548
2151,2152,0.6126756546639952
2152,2153,0.6104580469405403
2153,2154,0.6082695226743731
2154,2155,0.6061160499484719
2155,2156,0.6040004975873241
2156,2157,0.6019248141839398
2157,2158,0.5998921018850958
2158,2159,0.5979045103222277
2159,2160,0.5959626987711653
2160,2161,0.5940654534518334
2161,2162,0.5922162946298607
2162,2163,0.5904127569726395
2163,2164,0.5886545159451698
2164,2165,0.5869408708178965
2165,2166,0.5852693868842618
2166,2167,0.5836390597660468
2167,2168,0.5820483695960774
2168,2169,0.5804957571603546
2169,2170,0.5789772876071866
2170,2171,0.5774920712787951
2171,2172,0.5760375456566454
2172,2173,0.5746126537211131
2173,2174,0.5732137596072577
2174,2175,0.5718384237757288
2175,2176,0.5704857886338431
2176,2177,0.569153836905537
2177,2178,0.5678397925589714
2178,2179,0.5665427838662003
2179,2180,0.5652612723359572
2180,2181,0.5639923763278211
2181,2182,0.5627366565806808
2182,2183,0.5614911813541518
2183,2184,0.5602566065916247
2184,2185,0.5590302652834012
2185,2186,0.5578123534989737
2186,2187,0.5566010111808276
2187,2188,0.5553970185752432
2188,2189,0.5541991516494468
2189,2190,0.5530073862118815
2190,2191,0.5518210752872019
2191,2192,0.550640225856948
2192,2193,0.549462919079262
2193,2194,0.5482923423999534
2194,2195,0.5471270338113688
2195,2196,0.5459666698172724
2196,2197,0.5448113180188816
2197,2198,0.5436621722612851
2198,2199,0.5425191639666254
2199,2200,0.5413821497049023
2200,2201,0.5402515887997292
2201,2202,0.5391287418855063
2202,2203,0.5380125132925987
2203,2204,0.5369045580209723
2204,2205,0.5358043268123625
2205,2206,0.5347136687075232
2206,2207,0.5336324302879033
2207,2208,0.5325607151681727
2208,2209,0.531499113193668
2209,2210,0.5304474872816619
2210,2211,0.5294088680216109
2211,2212,0.5283799282042403
2212,2213,0.5273637876997915
2213,2214,0.5263611179496973
2214,2215,0.5253703697522675
2215,2216,0.5243927337353377
2216,2217,0.5234291521741185
2217,2218,0.5224792542792461
2218,2219,0.5215447698335117
2219,2220,0.5207344515810973
2220,2221,0.5198275522230766
2221,2222,0.5189345966850873
2222,2223,0.5180577179906516
2223,2224,0.5171969908940225
2224,2225,0.5163504366875614
2225,2226,0.5155208264275317
2226,2227,0.5147070610269762
2227,2228,0.5139102039180918
2228,2229,0.5131283438153729
2229,2230,0.5123622149791307
2230,2231,0.5116136437057538
2231,2232,0.5108799901741631
2232,2233,0.5101640194902373
2233,2234,0.5094629351551304
2234,2235,0.5087778534973821
2235,2236,0.508109714538199
2236,2237,0.5074568299552731
2237,2238,0.5068205096443216
2238,2239,0.5061984755728497
2239,2240,0.505593343294315
2240,2241,0.5050026009474999
2241,2242,0.5044270896853589
2242,2243,0.5038670613443166
2243,2244,0.5033214767961328
2244,2245,0.5027902207903671
2245,2246,0.5022737602380196
2246,2247,0.501771159373912
2247,2248,0.5012817083768963
2248,2249,0.5008066169299281
2249,2250,0.5003451982007725
2250,2251,0.49989693117918216
2251,2252,0.4994618656167608
2252,2253,0.4990392417092386
2253,2254,0.49862847054457105
2254,2255,0.4982300081744661
2255,2256,0.4978438040020119
2256,2257,0.49746892013769417
2257,2258,0.4971051110693025
2258,2259,0.4967529801534354
2259,2260,0.4964118750773749
2260,2261,0.49608129614653496
2261,2262,0.4957600952007695
2262,2263,0.495450325409359
2263,2264,0.495149963602773
2264,2265,0.49485943252288594
2265,2266,0.4945776072441648
2266,2267,0.49430555928834014
2267,2268,0.49404200515917107
2268,2269,0.49378701775765643
2269,2270,0.49354059174374754
2270,2271,0.4933035555267757
2271,2272,0.4930731855426776
2272,2273,0.49285086432439273
2273,2274,0.4926361986778575
2274,2275,0.4924286018218689
2275,2276,0.49222875171415126
2276,2277,0.49203529164319354
2277,2278,0.49184859626658634
2278,2279,0.49166913265143186
2279,2280,0.49149552276130193
2280,2281,0.4913284972254028
2281,2282,0.49116721051192536
2282,2283,0.49101154538987796
2283,2284,0.49086212908016164
2284,2285,0.49071807769441106
2285,2286,0.49057925813026065
2286,2287,0.490446021631592
2287,2288,0.4903171949429951
2288,2289,0.49019392888550045
2289,2290,0.49007534331182345
2290,2291,0.4899610578996648
2291,2292,0.4898514914990507
2292,2293,0.4897461464953218
2293,2294,0.48964465900703447
2294,2295,0.489547301945278
2295,2296,0.4894547164070755
2296,2297,0.48936529101247916
2297,2298,0.48928009362630986
2298,2299,0.4891986676951052
2299,2300,0.489119819814176
2300,2301,0.4890459149457463
2301,2302,0.48897391733157897
2302,2303,0.4889069111831104
2303,2304,0.4888412476448094
2304,2305,0.48877946525511357
2305,2306,0.48872122490029773
2306,2307,0.48866471472241485
2307,2308,0.48861225899648936
2308,2309,0.48856133880715824
2309,2310,0.4885138116206824
2310,2311,0.48846925991665957
2311,2312,0.48842679999881666
2312,2313,0.4883865794021034
2313,2314,0.48834890513158496
2314,2315,0.4883134114238725
2315,2316,0.48828076045886026
2316,2317,0.4882501149404893
2317,2318,0.4882214189921941
2318,2319,0.4881950016252897
2319,2320,0.4881705662421058
2320,2321,0.4881484194358358
2321,2322,0.48812793884892425
2322,2323,0.4881089057266412
2323,2324,0.4880937338906542
2324,2325,0.48807836958210404
2325,2326,0.4880651356887838
2326,2327,0.48805426050377354
2327,2328,0.4880447154577181
2328,2329,0.48803718025814036
2329,2330,0.48803042000989216
2330,2331,0.4880258748984957
2331,2332,0.4880235846045499
2332,2333,0.4880224353903167
2333,2334,0.4880225907999282
2334,2335,0.48801900269624876
2335,2336,0.48802204237077423
2336,2337,0.48802702460864333
2337,2338,0.4880330223460295
2338,2339,0.48804100745926604
2339,2340,0.4880497854789836
2340,2341,0.48806084327178856
2341,2342,0.48807195590232555
2342,2343,0.4880857510598751
2343,2344,0.4880997680555405
2344,2345,0.48811619954575536
2345,2346,0.48813292269771485
2346,2347,0.4881518955372566
2347,2348,0.4881717154084625
2348,2349,0.48819250649848484
2349,2350,0.4882148315526635
2350,2351,0.4882382882418556
2351,2352,0.4882630276228676
2352,2353,0.48828929917217495
2353,2354,0.48831612086717874
2354,2355,0.48834501693534166
2355,2356,0.48837455083356357
2356,2357,0.48840602470407046
2357,2358,0.48843788301454444
2358,2359,0.48847075526952716
2359,2360,0.4885058804980117
2360,2361,0.48854246714171085
2361,2362,0.4885791505223843
2362,2363,0.4886168752349229
2363,2364,0.48865707160762784
2364,2365,0.488697796402707
2365,2366,0.488740059885232
2366,2367,0.4887836441268532
2367,2368,0.4888276188995278
2368,2369,0.48887328816008796
2369,2370,0.48892076031024245
2370,2371,0.48896791996285194
2371,2372,0.48901802367510655
2372,2373,0.4890685135841049
2373,2374,0.4891208521154445
2374,2375,0.4891745688181907
2375,2376,0.48922911024791915
2376,2377,0.48928492093407555
2377,2378,0.48931799433496315
2378,2379,0.4893771731593787
2379,2380,0.48943805230391224
2380,2381,0.4894992805627559
2381,2382,0.48956235453342223
2382,2383,0.48962671369232835
2383,2384,0.4896935136108928
2384,2385,0.4897604603005081
2385,2386,0.4898296635957605
2386,2387,0.4898998796281874
2387,2388,0.48997103150327964
2388,2389,0.49004396773500314
2389,2390,0.4901188173462908
2390,2391,0.4901948191219081
2391,2392,0.49027259784765087
2392,2393,0.49035171607501943
2393,2394,0.4904324146838942
2394,2395,0.49051468183571334
2395,2396,0.4905989439772504
2396,2397,0.49068434273243516
2397,2398,0.49077136654908093
2398,2399,0.49085970120985184
2399,2400,0.49095006974625377
2400,2401,0.49104245500665145
2401,2402,0.49113624300198916
2402,2403,0.49123190919229465
2403,2404,0.49132856187989155
2404,2405,0.4914281609538825
2405,2406,0.4915293557735045
2406,2407,0.49163206772348333
2407,2408,0.491736635649666
2408,2409,0.491843469597024
2409,2410,0.4919518971170041
2410,2411,0.49206204088285455
2411,2412,0.492174879093852
2412,2413,0.4922891035697985
2413,2414,0.4924051508495683
2414,2415,0.4925238021855027
2415,2416,0.49264386483771705
2416,2417,0.49276699892991804
2417,2418,0.4928915228331057
2418,2419,0.49301876635055975
2419,2420,0.4931483864604597
2420,2421,0.4932798834911657
2421,2422,0.4934128902863523
2422,2423,0.4935492063650278
2423,2424,0.4936875802765233
2424,2425,0.49382823766093903
2425,2426,0.49397130885885154
2426,2427,0.49411715061923334
2427,2428,0.4942650759655207
2428,2429,0.4944159749551687
2429,2430,0.4945689132706611
2430,2431,0.4947243583555044
2431,2432,0.4948823355339793
2432,2433,0.495043111163149
2433,2434,0.49520725243159597
2434,2435,0.49537332111804466
2435,2436,0.49554234756450966
2436,2437,0.49571386334419465
2437,2438,0.4958892213022725
2438,2439,0.4960664083513366
2439,2440,0.49624665989940914
2440,2441,0.49643040248127707
2441,2442,0.4966165627705973
2442,2443,0.4968063292634203
2443,2444,0.49699840282054697
2444,2445,0.4971936298597187
2445,2446,0.49739264753065165
2446,2447,0.4975942639341488
2447,2448,0.4977995890328005
2448,2449,0.49800755119728657
2449,2450,0.49821975447030864
2450,2451,0.49843512348867525
2451,2452,0.49865310084016284
2452,2453,0.4988753429056632
2453,2454,0.499100027015969
2454,2455,0.4993291832747541
2455,2456,0.4995618747869388
2456,2457,0.4997975135039974
2457,2458,0.5000374226719928
2458,2459,0.5002801733997867
2459,2460,0.5005275911703638
2460,2461,0.5007789115198927
2461,2462,0.501033870182584
2462,2463,0.5012918972378193
2463,2464,0.5015547158243229
2464,2465,0.5018214167115085
2465,2466,0.5020913611227551
2466,2467,0.502365980766904
2467,2468,0.5026448073391219
2468,2469,0.5029277751119121
2469,2470,0.5032148342305675
2470,2471,0.5035053271538044
2471,2472,0.5038012085373874
2472,2473,0.5041010505120108
2473,2474,0.5044056246502278
2474,2475,0.5047133113713267
2475,2476,0.5050263901410358
2476,2477,0.5053439847814896
2477,2478,0.505666184031617
2478,2479,0.5059927100974273
2479,2480,0.506323781142281
2480,2481,0.5066589857605083
2481,2482,0.5069999957143534
2482,2483,0.5073451398205279
2483,2484,0.5076952992180507
2484,2485,0.5080501091416028
2485,2486,0.5084097982790716
2486,2487,0.508774580948277
2487,2488,0.5091439902020615
2488,2489,0.5095179118896317
2489,2490,0.5098973688702824
2490,2491,0.5102818822263122
2491,2492,0.5106715680557403
2492,2493,0.5110662235111697
2493,2494,0.5114662695930295
2494,2495,0.5118713258176655
2495,2496,0.5122817821926203
2496,2497,0.5126972399258161
2497,2498,0.5131172552816914
2498,2499,0.5135433882388221
2499,2500,0.5139748993484486
2500,2501,0.5144116752286394
2501,2502,0.5148538098851511
2502,2503,0.5153014648799322
2503,2504,0.515754545478363
2504,2505,0.5162130010029056
2505,2506,0.5166770234469895
2506,2507,0.5171465693324124
2507,2508,0.517621606799051
2508,2509,0.5181022457907343
2509,2510,0.5185883483935934
2510,2511,0.519080036473025
2511,2512,0.5195773265681837
2512,2513,0.5200794090980827
2513,2514,0.5205878954054023
2514,2515,0.5211020399234704
2515,2516,0.5216217421400697
2516,2517,0.5221470300406748
2517,2518,0.5226779719454641
2518,2519,0.5232146910202398
2519,2520,0.5237569384470014
2520,2521,0.5243047550360287
2521,2522,0.5248583198916369
2522,2523,0.5254174325357515
2523,2524,0.5259821593993675
2524,2525,0.526552312903608
2525,2526,0.5271282768394684
2526,2527,0.5277097258358207
2527,2528,0.5282967755505558
2528,2529,0.5288893308917006
2529,2530,0.5294874501891614
2530,2531,0.530091072683475
2531,2532,0.5307001616799306
2532,2533,0.5313145828024618
2533,2534,0.5319345712826589
2534,2535,0.5325597746607551
2535,2536,0.5331904543932533
2536,2537,0.5338262279687475
2537,2538,0.53446740803951
2538,2539,0.5351139115055641
2539,2540,0.535765286483581
2540,2541,0.5364220136853117
2541,2542,0.537082969685867
2542,2543,0.5377497703541488
2543,2544,0.5384215225696607
2544,2545,0.5390981952848866
2545,2546,0.5397800065006619
2546,2547,0.5404663018854267
2547,2548,0.5411573115796106
2548,2549,0.5418530898534799
2549,2550,0.5425534542471332
2550,2551,0.5432583144776978
2551,2552,0.5439676120784412
2552,2553,0.5446813235696536
2553,2554,0.5453993691906973
2554,2555,0.5461214949801325
2555,2556,0.5468477896273858
2556,2557,0.5475781803782901
2557,2558,0.5483125575153334
2558,2559,0.5490506747452176
2559,2560,0.5497926816555059
2560,2561,0.550538384129112
2561,2562,0.5512875191419735
2562,2563,0.5520403430122734
2563,2564,0.5527964840108314
2564,2565,0.5535557420876426
2565,2566,0.5543182680057045
2566,2567,0.5550839059872483
2567,2568,0.555852416347378
2568,2569,0.5566238208328846
2569,2570,0.5573979228808061
2570,2571,0.5581745673845012
2571,2572,0.5589538257510275
2572,2573,0.5597355069397485
2573,2574,0.5605192751392294
2574,2575,0.5613054034632815
2575,2576,0.5620934123422251
2576,2577,0.5628833361861147
2577,2578,0.563674937308619
2578,2579,0.5644684030109901
2579,2580,0.5652631939314483
2580,2581,0.5660593359146812
2581,2582,0.5668567903967129
2582,2583,0.567655533568573
2583,2584,0.5684550530005941
2584,2585,0.5692555354702237
2585,2586,0.5700568678227289
2586,2587,0.5708586275143698
2587,2588,0.5716608735929866
2588,2589,0.5724636938345621
2589,2590,0.573266304732586
2590,2591,0.5740692516485955
2591,2592,0.5748722708935156
2592,2593,0.5756749662136889
2593,2594,0.5764772680178668
2594,2595,0.5772791507753168
2595,2596,0.5780801014688278
2596,2597,0.5788806824277031
2597,2598,0.5796803035921403
2598,2599,0.58047900816235
2599,2600,0.5812766712598832
2600,2601,0.5820732423864369
2601,2602,0.5828678926963275
2602,2603,0.583661561736348
2603,2604,0.5844535407541482
2604,2605,0.5852434944277615
2605,2606,0.5860316810739771
2606,2607,0.5868179361489954
2607,2608,0.5876020700018768
2608,2609,0.5883836244209332
2609,2610,0.5891632590957943
2610,2611,0.5899399632563234
2611,2612,0.5907145104327142
2612,2613,0.5914860712273116
2613,2614,0.6618408448371942
2614,2615,0.6618408448371942
2615,2616,0.6618408448371942
2616,2617,0.6618408448371942
2617,2618,0.6618408347073382
2618,2619,0.6618408347073382
2619,2620,0.6618408347073382
2620,2621,0.6618408347073382
2621,2622,0.6618408347073381
2622,2623,0.6618408347073382
2623,2624,0.6618408347073382
2624,2625,0.6618408347073382
2625,2626,0.6618408347073382
